fold,pred,truth,GOF,LOF,ind,gene
1,LOF,LOF,0.1371977307578681,0.8628022692421319,2,SCN2A
1,LOF,LOF,0.11293262581142914,0.8870673741885708,5,SCN1A
1,GOF,GOF,0.7881070327304118,0.21189296726958817,15,SCN5A
1,LOF,LOF,0.10117298287417383,0.8988270171258261,21,SCN1A
1,LOF,LOF,0.0923364836312157,0.9076635163687843,26,SCN1A
1,GOF,GOF,0.9346307631616513,0.06536923683834872,32,SCN11A
1,GOF,LOF,0.5820460351131934,0.4179539648868066,38,SCN4A
1,GOF,GOF,0.6907246338944227,0.30927536610557727,42,SCN2A
1,LOF,LOF,0.04664254685118191,0.953357453148818,52,SCN5A
1,LOF,LOF,0.047404991835290525,0.9525950081647094,54,SCN5A
1,LOF,LOF,0.2883826814691211,0.711617318530879,60,SCN4A
1,LOF,LOF,0.046609441646598256,0.9533905583534017,61,SCN5A
1,LOF,LOF,0.030363567115101117,0.9696364328848989,72,SCN1A
1,GOF,GOF,0.8660249837965199,0.13397501620348007,77,SCN4A
1,GOF,GOF,0.5080340922977562,0.4919659077022438,80,SCN5A
1,GOF,GOF,0.8366682263353787,0.16333177366462126,83,SCN4A
1,GOF,GOF,0.7808630302327548,0.21913696976724517,85,SCN5A
1,LOF,LOF,0.05131726180698625,0.9486827381930137,90,SCN5A
1,GOF,GOF,0.9699961426425391,0.030003857357460917,91,SCN9A
1,GOF,GOF,0.9740777520454136,0.02592224795458642,94,SCN9A
1,LOF,LOF,0.10717242965720199,0.892827570342798,101,SCN1A
1,LOF,LOF,0.05431403884520594,0.9456859611547941,104,SCN5A
1,LOF,LOF,0.042734108395823575,0.9572658916041764,105,SCN5A
1,GOF,LOF,0.5721091410973944,0.4278908589026056,106,SCN8A
1,GOF,GOF,0.8598765020970003,0.14012349790299972,107,SCN9A
1,LOF,LOF,0.40833544166580016,0.5916645583341998,112,SCN4A
1,GOF,LOF,0.5594823223818697,0.4405176776181303,113,SCN4A
1,LOF,GOF,0.37866589248947835,0.6213341075105216,117,SCN3A
1,GOF,GOF,0.8203811447701262,0.17961885522987375,130,SCN4A
1,GOF,LOF,0.7748703101760088,0.22512968982399117,133,SCN5A
1,LOF,LOF,0.11201155575775511,0.8879884442422449,158,SCN1A
1,GOF,GOF,0.8189386936695281,0.1810613063304719,161,SCN5A
1,LOF,GOF,0.23615491906864328,0.7638450809313567,167,SCN5A
1,LOF,LOF,0.05356811399300349,0.9464318860069965,172,SCN5A
1,LOF,LOF,0.20117767110667364,0.7988223288933264,189,SCN2A
1,GOF,GOF,0.9039520677248574,0.09604793227514263,195,SCN3A
1,GOF,GOF,0.7136523743267329,0.2863476256732671,196,SCN5A
1,GOF,GOF,0.9043460097119027,0.09565399028809729,197,SCN4A
1,LOF,GOF,0.07824212225072863,0.9217578777492714,198,SCN5A
1,LOF,GOF,0.3627219918512748,0.6372780081487253,199,SCN2A
1,LOF,LOF,0.060288269991927566,0.9397117300080724,206,SCN5A
1,LOF,LOF,0.053954438960677996,0.946045561039322,207,SCN5A
1,LOF,LOF,0.048371065992318836,0.9516289340076811,208,SCN5A
1,LOF,LOF,0.11594881326236688,0.8840511867376332,209,SCN1A
1,GOF,GOF,0.8439160899400128,0.15608391005998723,210,SCN10A
1,GOF,LOF,0.6010172041909166,0.39898279580908336,211,SCN8A
1,LOF,LOF,0.04421635215029354,0.9557836478497065,218,SCN5A
1,LOF,LOF,0.04759631496057694,0.9524036850394231,223,SCN5A
1,LOF,LOF,0.04872899926419044,0.9512710007358096,224,SCN5A
1,LOF,LOF,0.05084676590799705,0.9491532340920029,229,SCN5A
1,GOF,GOF,0.9774012529953215,0.022598747004678454,239,SCN9A
1,GOF,GOF,0.9642271533460205,0.035772846653979506,244,SCN9A
1,GOF,GOF,0.6991925360767639,0.3008074639232361,263,SCN2A
1,GOF,GOF,0.7070165073877677,0.29298349261223233,280,SCN2A
1,GOF,GOF,0.7521494251122255,0.2478505748877745,286,SCN5A
1,LOF,LOF,0.16047783046698566,0.8395221695330144,288,SCN4A
1,GOF,LOF,0.6986915094630093,0.3013084905369907,292,SCN4A
1,LOF,LOF,0.04093058863539909,0.9590694113646009,300,SCN1A
1,GOF,LOF,0.5371768391250109,0.4628231608749891,303,SCN8A
1,GOF,LOF,0.6758391021483258,0.32416089785167423,310,SCN1A
1,GOF,GOF,0.7963382923814635,0.20366170761853652,317,SCN5A
1,LOF,LOF,0.3258488971308051,0.6741511028691949,318,SCN3A
1,LOF,LOF,0.16341723915025752,0.8365827608497425,325,SCN5A
1,LOF,LOF,0.05425531482654774,0.9457446851734522,328,SCN5A
1,LOF,LOF,0.04577710724849342,0.9542228927515066,333,SCN5A
1,LOF,LOF,0.23281150279325094,0.7671884972067491,335,SCN1A
1,GOF,GOF,0.9213448492858946,0.07865515071410545,336,SCN10A
1,GOF,GOF,0.5373943863311976,0.4626056136688024,339,SCN5A
1,GOF,GOF,0.8145570341660723,0.18544296583392772,340,SCN5A
1,GOF,GOF,0.8022020252961045,0.19779797470389548,348,SCN3A
1,GOF,GOF,0.8560803758226742,0.14391962417732584,355,SCN4A
1,LOF,LOF,0.12790944181579464,0.8720905581842053,356,SCN1A
1,GOF,GOF,0.7919105910838801,0.20808940891611993,363,SCN2A
1,GOF,GOF,0.5344767115096837,0.4655232884903163,372,SCN10A
1,LOF,LOF,0.17340336278315824,0.8265966372168417,374,SCN5A
2,LOF,LOF,0.12254591758828023,0.8774540824117197,7,SCN2A
2,LOF,LOF,0.03715886304632589,0.9628411369536741,16,SCN5A
2,GOF,GOF,0.9821423230919832,0.017857676908016762,20,SCN9A
2,LOF,LOF,0.04088551530596801,0.959114484694032,25,SCN5A
2,LOF,LOF,0.05994381376162718,0.9400561862383728,27,SCN1A
2,GOF,GOF,0.9789295513105754,0.021070448689424648,31,SCN9A
2,GOF,GOF,0.9803532764051514,0.019646723594848647,33,SCN9A
2,LOF,LOF,0.03742276491368113,0.9625772350863189,35,SCN5A
2,GOF,GOF,0.9708220833178333,0.029177916682166738,45,SCN9A
2,LOF,LOF,0.12907989288802807,0.8709201071119719,51,SCN8A
2,LOF,LOF,0.0337831996400774,0.9662168003599226,64,SCN5A
2,LOF,LOF,0.07354575156123526,0.9264542484387648,66,SCN2A
2,LOF,LOF,0.0286021587224452,0.9713978412775548,67,SCN5A
2,GOF,LOF,0.8935054034536348,0.10649459654636517,78,SCN5A
2,LOF,LOF,0.09453990306305896,0.9054600969369411,84,SCN1A
2,GOF,GOF,0.9014731559442947,0.09852684405570533,89,SCN10A
2,LOF,LOF,0.03731080738978892,0.9626891926102111,99,SCN5A
2,LOF,LOF,0.03449299847165391,0.9655070015283461,100,SCN5A
2,LOF,LOF,0.09468399379445741,0.9053160062055425,102,SCN1A
2,LOF,LOF,0.036837153973265487,0.9631628460267345,103,SCN5A
2,GOF,LOF,0.6736505471322831,0.3263494528677169,108,SCN10A
2,LOF,LOF,0.046437597781668075,0.9535624022183319,111,SCN1A
2,LOF,LOF,0.0329262015348307,0.9670737984651693,119,SCN5A
2,GOF,GOF,0.9589330369423721,0.041066963057627914,120,SCN9A
2,LOF,LOF,0.13369563475197857,0.8663043652480215,121,SCN1A
2,GOF,GOF,0.9786761210267669,0.021323878973233068,123,SCN9A
2,GOF,GOF,0.9789709568265235,0.021029043173476536,127,SCN9A
2,GOF,GOF,0.941951139877984,0.058048860122016044,132,SCN9A
2,LOF,LOF,0.09759843249690275,0.9024015675030972,134,SCN1A
2,GOF,LOF,0.8903937642693709,0.10960623573062911,135,SCN2A
2,LOF,LOF,0.0707999143923772,0.9292000856076228,147,SCN2A
2,LOF,LOF,0.09112595481614155,0.9088740451838584,150,SCN1A
2,LOF,LOF,0.019868761422628337,0.9801312385773716,154,SCN1A
2,LOF,LOF,0.057246731722077455,0.9427532682779225,155,SCN5A
2,GOF,GOF,0.9231863126539573,0.07681368734604266,159,SCN4A
2,GOF,GOF,0.9781953787728557,0.021804621227144327,169,SCN9A
2,LOF,LOF,0.036525304247036865,0.9634746957529632,174,SCN5A
2,LOF,LOF,0.19865224130494044,0.8013477586950596,175,SCN1A
2,GOF,LOF,0.8903782517880557,0.10962174821194426,178,SCN5A
2,GOF,GOF,0.8830442680485586,0.11695573195144138,180,SCN5A
2,GOF,LOF,0.890642327336184,0.10935767266381602,181,SCN2A
2,GOF,GOF,0.9785234789966726,0.02147652100332742,182,SCN9A
2,GOF,GOF,0.9588669581539015,0.04113304184609845,183,SCN9A
2,LOF,GOF,0.4303043599186927,0.5696956400813074,184,SCN11A
2,GOF,GOF,0.9353463385611426,0.06465366143885742,202,SCN8A
2,LOF,LOF,0.03684940976168339,0.9631505902383166,220,SCN5A
2,LOF,LOF,0.036558922136030396,0.9634410778639696,226,SCN5A
2,GOF,GOF,0.9450351828977677,0.05496481710223233,233,SCN2A
2,GOF,GOF,0.5062759487562069,0.49372405124379315,247,SCN4A
2,GOF,GOF,0.8741779738097311,0.12582202619026894,250,SCN1A
2,GOF,GOF,0.9660046143002073,0.03399538569979266,252,SCN4A
2,LOF,LOF,0.0385395935430923,0.9614604064569077,256,SCN5A
2,LOF,LOF,0.17949408912949555,0.8205059108705044,271,SCN5A
2,GOF,GOF,0.8383304968662699,0.16166950313373007,281,SCN3A
2,GOF,GOF,0.5887680969197903,0.41123190308020974,284,SCN5A
2,LOF,GOF,0.2905956989738197,0.7094043010261804,290,SCN8A
2,LOF,LOF,0.06893997924283088,0.9310600207571691,294,SCN5A
2,GOF,GOF,0.9415500051125197,0.05844999488748026,297,SCN9A
2,LOF,LOF,0.07005155988415362,0.9299484401158464,301,SCN5A
2,GOF,GOF,0.5843501109745094,0.4156498890254906,308,SCN1A
2,GOF,LOF,0.8769577360319826,0.12304226396801743,312,SCN2A
2,LOF,LOF,0.03741402293988929,0.9625859770601107,314,SCN5A
2,LOF,LOF,0.04916103419919311,0.9508389658008068,316,SCN5A
2,LOF,LOF,0.13103451030120242,0.8689654896987976,319,SCN1A
2,LOF,LOF,0.09920335097242863,0.9007966490275714,321,SCN1A
2,LOF,LOF,0.035553805220667985,0.964446194779332,329,SCN5A
2,GOF,GOF,0.9478476783992298,0.05215232160077021,342,SCN5A
2,GOF,GOF,0.8897942727586975,0.11020572724130251,344,SCN8A
2,GOF,GOF,0.9506786999919926,0.049321300008007385,349,SCN8A
2,LOF,GOF,0.03552096137373291,0.964479038626267,353,SCN5A
2,LOF,LOF,0.03844391667866065,0.9615560833213393,358,SCN5A
2,LOF,LOF,0.03680606918130264,0.9631939308186973,359,SCN5A
2,LOF,GOF,0.08859796942684964,0.9114020305731504,360,SCN1A
2,GOF,GOF,0.8538377749093392,0.1461622250906608,364,SCN2A
2,GOF,LOF,0.8727003907387958,0.1272996092612042,367,SCN5A
3,LOF,LOF,0.016796346757321612,0.9832036532426784,4,SCN5A
3,LOF,LOF,0.015624064448725532,0.9843759355512745,8,SCN5A
3,LOF,LOF,0.3279063617867352,0.6720936382132647,11,SCN4A
3,LOF,LOF,0.016541897601421402,0.9834581023985786,12,SCN5A
3,LOF,GOF,0.06364807467504656,0.9363519253249535,37,SCN5A
3,LOF,LOF,0.016009978707344674,0.9839900212926553,39,SCN5A
3,GOF,GOF,0.7800965856972576,0.2199034143027424,44,SCN10A
3,GOF,LOF,0.866791604702789,0.13320839529721096,46,SCN3A
3,LOF,LOF,0.032119695670810834,0.9678803043291891,48,SCN1A
3,GOF,GOF,0.4742128991785759,0.5257871008214241,50,SCN1A
3,LOF,LOF,0.015369134323808275,0.9846308656761917,53,SCN5A
3,LOF,LOF,0.015567226818988969,0.9844327731810111,68,SCN5A
3,GOF,GOF,0.8577936856729248,0.1422063143270752,74,SCN11A
3,GOF,GOF,0.987718064458117,0.012281935541882949,82,SCN9A
3,LOF,LOF,0.016791548661415127,0.9832084513385849,86,SCN5A
3,LOF,LOF,0.017548823692305374,0.9824511763076946,97,SCN5A
3,LOF,GOF,0.009435101202848866,0.9905648987971511,118,SCN1A
3,GOF,GOF,0.9845656580225197,0.015434341977480281,125,SCN9A
3,GOF,GOF,0.8688662231137111,0.1311337768862889,128,SCN11A
3,GOF,GOF,0.9762096998595874,0.023790300140412612,131,SCN9A
3,GOF,LOF,0.9837480785747935,0.016251921425206484,139,SCN9A
3,LOF,LOF,0.02633240876680956,0.9736675912331905,149,SCN1A
3,GOF,LOF,0.6048615365276387,0.39513846347236126,152,SCN10A
3,GOF,LOF,0.5192914969642889,0.4807085030357111,153,SCN8A
3,GOF,LOF,0.603773950747026,0.396226049252974,160,SCN1A
3,LOF,LOF,0.028192047420665313,0.9718079525793347,164,SCN1A
3,LOF,LOF,0.017766474355709428,0.9822335256442906,165,SCN5A
3,GOF,GOF,0.9029357048392062,0.09706429516079385,168,SCN10A
3,GOF,GOF,0.8446476356581225,0.1553523643418775,170,SCN5A
3,LOF,LOF,0.016702020605527525,0.9832979793944725,176,SCN5A
3,LOF,GOF,0.09402783013450468,0.9059721698654953,188,SCN5A
3,GOF,GOF,0.8456653742966349,0.1543346257033651,190,SCN5A
3,GOF,GOF,0.8373492745032114,0.1626507254967886,192,SCN4A
3,LOF,GOF,0.14484113405325347,0.8551588659467465,193,SCN5A
3,GOF,GOF,0.9621811311251794,0.037818868874820555,203,SCN11A
3,LOF,LOF,0.01948299773632715,0.9805170022636729,204,SCN1A
3,LOF,LOF,0.08353373896599257,0.9164662610340074,216,SCN4A
3,LOF,LOF,0.05131870307209241,0.9486812969279076,222,SCN2A
3,LOF,LOF,0.01601979449759939,0.9839802055024006,230,SCN5A
3,GOF,GOF,0.9199328497338582,0.08006715026614175,232,SCN4A
3,GOF,GOF,0.9528459685482449,0.04715403145175512,234,SCN4A
3,GOF,GOF,0.8634951867991238,0.13650481320087615,235,SCN4A
3,GOF,GOF,0.954152767082549,0.045847232917450964,236,SCN5A
3,LOF,GOF,0.4430486875817169,0.5569513124182831,238,SCN5A
3,GOF,GOF,0.6605908380381872,0.3394091619618128,242,SCN1A
3,GOF,GOF,0.9386851600334254,0.06131483996657461,246,SCN4A
3,GOF,LOF,0.5781975224526047,0.4218024775473953,248,SCN1A
3,GOF,GOF,0.6898791460844053,0.31012085391559474,251,SCN1A
3,GOF,GOF,0.9835238895300682,0.016476110469931804,261,SCN9A
3,LOF,GOF,0.03132233475264452,0.9686776652473554,262,SCN1A
3,GOF,LOF,0.5915604929151607,0.40843950708483934,264,SCN10A
3,LOF,LOF,0.1443388212974303,0.8556611787025696,265,SCN5A
3,LOF,LOF,0.020821273734447806,0.9791787262655522,266,SCN1A
3,LOF,LOF,0.01824613521709903,0.9817538647829009,268,SCN1A
3,GOF,GOF,0.5978188589770949,0.40218114102290514,270,SCN2A
3,LOF,GOF,0.028198703360614003,0.971801296639386,272,SCN1A
3,GOF,LOF,0.4920578754387319,0.5079421245612681,276,SCN2A
3,LOF,LOF,0.12566680384240994,0.8743331961575901,278,SCN5A
3,GOF,GOF,0.8299662397785232,0.17003376022147676,283,SCN3A
3,GOF,GOF,0.9897504962857177,0.010249503714282349,285,SCN9A
3,LOF,LOF,0.034506381517293724,0.9654936184827063,287,SCN4A
3,LOF,GOF,0.020053500809828435,0.9799464991901715,293,SCN5A
3,GOF,GOF,0.9851981258154913,0.014801874184508734,304,SCN9A
3,GOF,GOF,0.8651036812401616,0.13489631875983843,309,SCN3A
3,LOF,LOF,0.01494361344578009,0.9850563865542199,323,SCN5A
3,LOF,LOF,0.03169672820163874,0.9683032717983613,324,SCN1A
3,LOF,GOF,0.13344999523083187,0.8665500047691681,326,SCN10A
3,LOF,LOF,0.01641975186689899,0.983580248133101,334,SCN5A
3,GOF,GOF,0.9869620737951214,0.013037926204878647,337,SCN9A
3,GOF,GOF,0.5042131458833189,0.4957868541166811,338,SCN1A
3,GOF,LOF,0.8526603534273415,0.14733964657265852,352,SCN5A
3,GOF,GOF,0.7166412516409524,0.2833587483590476,354,SCN2A
3,GOF,LOF,0.8450378199488112,0.15496218005118878,357,SCN5A
3,LOF,LOF,0.03263999054357677,0.9673600094564232,369,SCN1A
3,LOF,LOF,0.05473284654294733,0.9452671534570527,370,SCN1A
4,LOF,LOF,0.05330353620781897,0.9466964637921811,13,SCN5A
4,LOF,LOF,0.06418632125496228,0.9358136787450377,14,SCN5A
4,LOF,LOF,0.06122027855069657,0.9387797214493034,22,SCN5A
4,GOF,GOF,0.6016470749027666,0.3983529250972334,23,SCN10A
4,GOF,GOF,0.7660897656947403,0.2339102343052597,30,SCN2A
4,LOF,LOF,0.17047903835470524,0.8295209616452948,40,SCN1A
4,LOF,LOF,0.1342541803824144,0.8657458196175856,47,SCN1A
4,LOF,LOF,0.1328788264822397,0.8671211735177603,55,SCN1A
4,LOF,LOF,0.0633452215448942,0.9366547784551058,58,SCN5A
4,LOF,LOF,0.06369186201137496,0.936308137988625,63,SCN5A
4,LOF,LOF,0.07354100440198645,0.9264589955980136,65,SCN5A
4,GOF,GOF,0.8248568853368875,0.1751431146631125,70,SCN8A
4,LOF,LOF,0.18557875273116478,0.8144212472688352,71,SCN5A
4,GOF,GOF,0.9339545711477107,0.06604542885228926,81,SCN2A
4,GOF,GOF,0.8066473304757258,0.1933526695242742,88,SCN5A
4,GOF,GOF,0.7948538706432033,0.20514612935679666,92,SCN5A
4,LOF,LOF,0.05139728830276881,0.9486027116972312,93,SCN5A
4,GOF,GOF,0.9340884149645612,0.06591158503543881,95,SCN8A
4,LOF,LOF,0.06563689824039295,0.934363101759607,115,SCN5A
4,GOF,GOF,0.9218837439280304,0.07811625607196959,124,SCN9A
4,GOF,GOF,0.898922525003707,0.10107747499629305,126,SCN3A
4,GOF,LOF,0.774574986979188,0.22542501302081197,129,SCN5A
4,GOF,LOF,0.6097515393921475,0.39024846060785245,136,SCN1A
4,LOF,LOF,0.131058740008801,0.868941259991199,141,SCN1A
4,LOF,LOF,0.07073319585183917,0.9292668041481609,142,SCN5A
4,LOF,LOF,0.06644702259554086,0.9335529774044591,143,SCN5A
4,LOF,LOF,0.0655871931447801,0.9344128068552199,148,SCN5A
4,LOF,LOF,0.0668200599399155,0.9331799400600845,151,SCN5A
4,LOF,LOF,0.0640185379315463,0.9359814620684537,156,SCN5A
4,GOF,GOF,0.9114353615670309,0.08856463843296913,162,SCN11A
4,LOF,LOF,0.06339957809578571,0.9366004219042143,166,SCN5A
4,LOF,LOF,0.21803268542775728,0.7819673145722428,173,SCN5A
4,GOF,GOF,0.9606037466722275,0.039396253327772524,187,SCN9A
4,GOF,GOF,0.9545663008282759,0.04543369917172413,191,SCN9A
4,GOF,GOF,0.7644379973455868,0.23556200265441318,194,SCN5A
4,GOF,GOF,0.9244434093207421,0.0755565906792579,200,SCN8A
4,GOF,GOF,0.7560748301083804,0.2439251698916196,201,SCN2A
4,LOF,LOF,0.06675010480829585,0.9332498951917041,219,SCN5A
4,LOF,LOF,0.14354241513138397,0.856457584868616,221,SCN1A
4,LOF,LOF,0.061267691391375376,0.9387323086086247,225,SCN5A
4,GOF,GOF,0.9756934209080872,0.024306579091912806,231,SCN9A
4,GOF,GOF,0.8970382924040651,0.10296170759593493,237,SCN4A
4,GOF,GOF,0.7866729550808226,0.21332704491917742,240,SCN5A
4,GOF,GOF,0.8259357407962945,0.1740642592037055,241,SCN5A
4,GOF,GOF,0.57802838207402,0.42197161792598004,243,SCN1A
4,GOF,GOF,0.9182361289838221,0.08176387101617788,249,SCN5A
4,GOF,GOF,0.6068291593948423,0.3931708406051577,253,SCN4A
4,GOF,GOF,0.8028161030342643,0.19718389696573568,254,SCN3A
4,LOF,LOF,0.042703109842764625,0.9572968901572354,259,SCN5A
4,GOF,GOF,0.8926598684029522,0.1073401315970478,260,SCN4A
4,LOF,LOF,0.3010183403043446,0.6989816596956554,267,SCN5A
4,GOF,GOF,0.7750959278936159,0.22490407210638408,269,SCN2A
4,GOF,GOF,0.6395665754770464,0.36043342452295357,274,SCN1A
4,LOF,LOF,0.011992465976726029,0.988007534023274,277,SCN1A
4,GOF,GOF,0.9252553939150977,0.0747446060849023,279,SCN9A
4,GOF,GOF,0.845587860306461,0.15441213969353895,282,SCN8A
4,LOF,LOF,0.14672328627448075,0.8532767137255193,295,SCN4A
4,LOF,LOF,0.15220730734519314,0.8477926926548068,299,SCN1A
4,LOF,GOF,0.4277051617546694,0.5722948382453306,302,SCN5A
4,GOF,GOF,0.9784546783012763,0.021545321698723696,305,SCN9A
4,GOF,GOF,0.9449817260752325,0.05501827392476755,306,SCN9A
4,GOF,GOF,0.5658488371804569,0.43415116281954313,307,SCN4A
4,GOF,GOF,0.78028144962121,0.21971855037878996,313,SCN5A
4,LOF,LOF,0.06766567029478417,0.9323343297052158,315,SCN1A
4,GOF,LOF,0.9131048923396164,0.08689510766038355,322,SCN10A
4,GOF,LOF,0.8007036441261213,0.19929635587387873,327,SCN5A
4,LOF,LOF,0.060101575000231326,0.9398984249997687,332,SCN5A
4,GOF,GOF,0.7852268959753975,0.21477310402460248,345,SCN5A
4,GOF,GOF,0.8901380476339729,0.10986195236602714,346,SCN5A
4,GOF,LOF,0.8088315140511895,0.19116848594881053,347,SCN2A
4,GOF,GOF,0.5880065283548143,0.41199347164518574,350,SCN5A
4,GOF,GOF,0.7647347058874393,0.2352652941125607,361,SCN2A
4,GOF,GOF,0.86814099569378,0.13185900430622,362,SCN8A
4,GOF,GOF,0.9317876560913577,0.06821234390864228,365,SCN8A
4,GOF,GOF,0.7550137574210946,0.24498624257890544,366,SCN8A
5,GOF,GOF,0.9762835113699313,0.023716488630068703,1,SCN9A
5,GOF,GOF,0.8420422129824402,0.15795778701755978,3,SCN5A
5,LOF,LOF,0.03201300929066153,0.9679869907093385,6,SCN5A
5,GOF,LOF,0.8256253501269349,0.17437464987306503,9,SCN10A
5,LOF,LOF,0.3597756087202998,0.6402243912797002,10,SCN5A
5,LOF,LOF,0.026672660043493,0.973327339956507,17,SCN5A
5,GOF,GOF,0.9304091737295673,0.06959082627043264,18,SCN8A
5,GOF,GOF,0.9491982654711315,0.050801734528868464,19,SCN4A
5,LOF,LOF,0.033598984379286656,0.9664010156207133,24,SCN5A
5,LOF,LOF,0.03436628606651371,0.9656337139334863,28,SCN5A
5,LOF,LOF,0.4350394535747515,0.5649605464252485,29,SCN4A
5,GOF,LOF,0.9418063454104881,0.05819365458951187,34,SCN8A
5,LOF,LOF,0.07843846765286733,0.9215615323471327,36,SCN5A
5,GOF,GOF,0.9765676222129823,0.023432377787017653,41,SCN9A
5,GOF,GOF,0.9822221279083008,0.01777787209169918,43,SCN9A
5,GOF,GOF,0.7282769463277776,0.27172305367222244,49,SCN2A
5,LOF,LOF,0.03432383878862211,0.9656761612113779,56,SCN5A
5,LOF,LOF,0.034377676704428706,0.9656223232955713,57,SCN5A
5,GOF,GOF,0.7887942096372915,0.21120579036270845,59,SCN3A
5,LOF,LOF,0.03408863816205787,0.9659113618379421,62,SCN5A
5,LOF,LOF,0.035763173252815195,0.9642368267471848,69,SCN5A
5,LOF,LOF,0.03383563086654606,0.9661643691334539,73,SCN5A
5,LOF,LOF,0.025587069941014895,0.9744129300589851,75,SCN5A
5,GOF,LOF,0.7201340666455236,0.27986593335447646,76,SCN10A
5,GOF,GOF,0.8941448003654116,0.10585519963458842,79,SCN9A
5,LOF,LOF,0.03530424159476764,0.9646957584052324,87,SCN5A
5,GOF,GOF,0.8215432922699726,0.17845670773002745,96,SCN2A
5,LOF,LOF,0.03029116501712603,0.969708834982874,98,SCN5A
5,LOF,LOF,0.15881302783928108,0.8411869721607189,109,SCN1A
5,GOF,LOF,0.48391689731543674,0.5160831026845633,110,SCN5A
5,LOF,LOF,0.052543372503090824,0.9474566274969092,114,SCN4A
5,GOF,LOF,0.6592132391084511,0.3407867608915489,116,SCN5A
5,GOF,GOF,0.9772495792181632,0.0227504207818368,122,SCN9A
5,GOF,GOF,0.6356738253022315,0.3643261746977685,137,SCN2A
5,GOF,GOF,0.714623278789738,0.2853767212102621,138,SCN10A
5,LOF,LOF,0.0342793083304993,0.9657206916695007,140,SCN5A
5,LOF,LOF,0.05100619896176639,0.9489938010382336,144,SCN1A
5,LOF,LOF,0.03531573067746541,0.9646842693225346,145,SCN2A
5,LOF,LOF,0.04026552987696419,0.9597344701230358,146,SCN1A
5,LOF,LOF,0.19613683468707455,0.8038631653129255,157,SCN1A
5,GOF,GOF,0.7201897595943205,0.2798102404056794,163,SCN2A
5,LOF,LOF,0.1678225032263212,0.8321774967736788,171,SCN5A
5,GOF,GOF,0.9576634296273195,0.042336570372680446,177,SCN9A
5,GOF,GOF,0.8639592760166204,0.13604072398337963,179,SCN5A
5,GOF,LOF,0.6604777975988834,0.33952220240111664,185,SCN2A
5,GOF,LOF,0.7426211230779471,0.2573788769220529,186,SCN5A
5,GOF,LOF,0.670569322551446,0.3294306774485541,205,SCN5A
5,LOF,LOF,0.029865350134436253,0.9701346498655637,212,SCN5A
5,LOF,LOF,0.036910840022680524,0.9630891599773195,213,SCN5A
5,LOF,LOF,0.03359156631786875,0.9664084336821313,214,SCN5A
5,GOF,LOF,0.4801087409666197,0.5198912590333803,215,SCN2A
5,LOF,LOF,0.03107138750514815,0.9689286124948518,217,SCN5A
5,LOF,LOF,0.04041607438421091,0.9595839256157891,227,SCN5A
5,LOF,LOF,0.034442972971435504,0.9655570270285645,228,SCN5A
5,GOF,GOF,0.9422768716160448,0.05772312838395527,245,SCN8A
5,GOF,GOF,0.9360087166627323,0.0639912833372677,255,SCN8A
5,LOF,LOF,0.0459091465916599,0.9540908534083401,257,SCN1A
5,GOF,LOF,0.6222615865638037,0.3777384134361963,258,SCN5A
5,GOF,GOF,0.8289781831818624,0.17102181681813755,273,SCN5A
5,LOF,LOF,0.4397300828063201,0.5602699171936799,275,SCN4A
5,GOF,LOF,0.7474165857391174,0.2525834142608826,289,SCN8A
5,GOF,LOF,0.8858453332660052,0.11415466673399473,291,SCN5A
5,GOF,LOF,0.7640671649764903,0.23593283502350973,296,SCN10A
5,GOF,LOF,0.7017701475537108,0.2982298524462892,298,SCN5A
5,GOF,GOF,0.7134041806343008,0.28659581936569917,311,SCN5A
5,GOF,LOF,0.9206893833001053,0.07931061669989468,320,SCN5A
5,LOF,LOF,0.034242765998133695,0.9657572340018663,330,SCN5A
5,LOF,LOF,0.07309870401813301,0.926901295981867,331,SCN1A
5,GOF,LOF,0.9878309820204789,0.012169017979521114,341,SCN8A
5,GOF,GOF,0.7192417716226321,0.28075822837736786,343,SCN3A
5,GOF,GOF,0.8356437311982904,0.16435626880170962,351,SCN5A
5,LOF,LOF,0.031926449534814494,0.9680735504651855,368,SCN5A
5,LOF,LOF,0.06853444348081261,0.9314655565191874,371,SCN1A
5,LOF,LOF,0.03432336835498273,0.9656766316450173,373,SCN5A
5,GOF,GOF,0.8324697940127297,0.16753020598727028,375,SCN5A
