aa2,aa1,aa_braun_aa1_E1,aa_braun_aa1_E2,aa_braun_aa1_E3,aa_braun_aa1_E4,aa_braun_aa1_E5,aa_braun_aa2_E1,aa_braun_aa2_E2,aa_braun_aa2_E3,aa_braun_aa2_E4,aa_braun_aa2_E5
A,W,-0.296,-0.186,0.389,0.083,0.297,0.008,0.134,-0.475,-0.039,0.181
A,P,0.173,0.286,0.407,-0.215,0.384,0.008,0.134,-0.475,-0.039,0.181
A,R,0.171,-0.361,0.107,-0.258,-0.364,0.008,0.134,-0.475,-0.039,0.181
A,M,-0.239,-0.141,-0.155,0.321,0.077,0.008,0.134,-0.475,-0.039,0.181
A,T,0.068,0.147,-0.015,-0.132,-0.274,0.008,0.134,-0.475,-0.039,0.181
A,K,0.243,-0.339,-0.044,-0.325,-0.027,0.008,0.134,-0.475,-0.039,0.181
A,C,-0.132,0.174,0.07,0.565,-0.374,0.008,0.134,-0.475,-0.039,0.181
A,Q,0.149,-0.184,-0.03,0.035,-0.112,0.008,0.134,-0.475,-0.039,0.181
A,H,0.023,-0.177,0.041,0.28,-0.021,0.008,0.134,-0.475,-0.039,0.181
A,N,0.255,0.038,0.117,0.118,-0.055,0.008,0.134,-0.475,-0.039,0.181
A,F,-0.329,-0.023,0.072,-0.002,0.208,0.008,0.134,-0.475,-0.039,0.181
A,L,-0.267,0.018,-0.265,-0.274,0.206,0.008,0.134,-0.475,-0.039,0.181
A,D,0.303,-0.057,-0.014,0.225,0.156,0.008,0.134,-0.475,-0.039,0.181
A,Y,-0.141,-0.057,0.425,-0.096,-0.091,0.008,0.134,-0.475,-0.039,0.181
A,I,-0.353,0.071,-0.088,-0.195,-0.107,0.008,0.134,-0.475,-0.039,0.181
A,V,-0.274,0.136,-0.187,-0.196,-0.299,0.008,0.134,-0.475,-0.039,0.181
A,G,0.218,0.562,-0.024,0.018,0.106,0.008,0.134,-0.475,-0.039,0.181
A,S,0.199,0.238,-0.015,-0.068,-0.196,0.008,0.134,-0.475,-0.039,0.181
A,E,0.221,-0.28,-0.315,0.157,0.303,0.008,0.134,-0.475,-0.039,0.181
C,A,0.008,0.134,-0.475,-0.039,0.181,-0.132,0.174,0.07,0.565,-0.374
C,Y,-0.141,-0.057,0.425,-0.096,-0.091,-0.132,0.174,0.07,0.565,-0.374
C,V,-0.274,0.136,-0.187,-0.196,-0.299,-0.132,0.174,0.07,0.565,-0.374
C,G,0.218,0.562,-0.024,0.018,0.106,-0.132,0.174,0.07,0.565,-0.374
C,S,0.199,0.238,-0.015,-0.068,-0.196,-0.132,0.174,0.07,0.565,-0.374
C,E,0.221,-0.28,-0.315,0.157,0.303,-0.132,0.174,0.07,0.565,-0.374
C,Q,0.149,-0.184,-0.03,0.035,-0.112,-0.132,0.174,0.07,0.565,-0.374
C,L,-0.267,0.018,-0.265,-0.274,0.206,-0.132,0.174,0.07,0.565,-0.374
C,W,-0.296,-0.186,0.389,0.083,0.297,-0.132,0.174,0.07,0.565,-0.374
C,N,0.255,0.038,0.117,0.118,-0.055,-0.132,0.174,0.07,0.565,-0.374
C,T,0.068,0.147,-0.015,-0.132,-0.274,-0.132,0.174,0.07,0.565,-0.374
C,P,0.173,0.286,0.407,-0.215,0.384,-0.132,0.174,0.07,0.565,-0.374
C,R,0.171,-0.361,0.107,-0.258,-0.364,-0.132,0.174,0.07,0.565,-0.374
C,I,-0.353,0.071,-0.088,-0.195,-0.107,-0.132,0.174,0.07,0.565,-0.374
C,H,0.023,-0.177,0.041,0.28,-0.021,-0.132,0.174,0.07,0.565,-0.374
C,K,0.243,-0.339,-0.044,-0.325,-0.027,-0.132,0.174,0.07,0.565,-0.374
C,F,-0.329,-0.023,0.072,-0.002,0.208,-0.132,0.174,0.07,0.565,-0.374
C,M,-0.239,-0.141,-0.155,0.321,0.077,-0.132,0.174,0.07,0.565,-0.374
C,D,0.303,-0.057,-0.014,0.225,0.156,-0.132,0.174,0.07,0.565,-0.374
D,Q,0.149,-0.184,-0.03,0.035,-0.112,0.303,-0.057,-0.014,0.225,0.156
D,V,-0.274,0.136,-0.187,-0.196,-0.299,0.303,-0.057,-0.014,0.225,0.156
D,L,-0.267,0.018,-0.265,-0.274,0.206,0.303,-0.057,-0.014,0.225,0.156
D,A,0.008,0.134,-0.475,-0.039,0.181,0.303,-0.057,-0.014,0.225,0.156
D,N,0.255,0.038,0.117,0.118,-0.055,0.303,-0.057,-0.014,0.225,0.156
D,C,-0.132,0.174,0.07,0.565,-0.374,0.303,-0.057,-0.014,0.225,0.156
D,P,0.173,0.286,0.407,-0.215,0.384,0.303,-0.057,-0.014,0.225,0.156
D,S,0.199,0.238,-0.015,-0.068,-0.196,0.303,-0.057,-0.014,0.225,0.156
D,I,-0.353,0.071,-0.088,-0.195,-0.107,0.303,-0.057,-0.014,0.225,0.156
D,Y,-0.141,-0.057,0.425,-0.096,-0.091,0.303,-0.057,-0.014,0.225,0.156
D,K,0.243,-0.339,-0.044,-0.325,-0.027,0.303,-0.057,-0.014,0.225,0.156
D,G,0.218,0.562,-0.024,0.018,0.106,0.303,-0.057,-0.014,0.225,0.156
D,M,-0.239,-0.141,-0.155,0.321,0.077,0.303,-0.057,-0.014,0.225,0.156
D,E,0.221,-0.28,-0.315,0.157,0.303,0.303,-0.057,-0.014,0.225,0.156
D,T,0.068,0.147,-0.015,-0.132,-0.274,0.303,-0.057,-0.014,0.225,0.156
D,F,-0.329,-0.023,0.072,-0.002,0.208,0.303,-0.057,-0.014,0.225,0.156
D,W,-0.296,-0.186,0.389,0.083,0.297,0.303,-0.057,-0.014,0.225,0.156
D,H,0.023,-0.177,0.041,0.28,-0.021,0.303,-0.057,-0.014,0.225,0.156
D,R,0.171,-0.361,0.107,-0.258,-0.364,0.303,-0.057,-0.014,0.225,0.156
E,Q,0.149,-0.184,-0.03,0.035,-0.112,0.221,-0.28,-0.315,0.157,0.303
E,K,0.243,-0.339,-0.044,-0.325,-0.027,0.221,-0.28,-0.315,0.157,0.303
E,R,0.171,-0.361,0.107,-0.258,-0.364,0.221,-0.28,-0.315,0.157,0.303
E,I,-0.353,0.071,-0.088,-0.195,-0.107,0.221,-0.28,-0.315,0.157,0.303
E,A,0.008,0.134,-0.475,-0.039,0.181,0.221,-0.28,-0.315,0.157,0.303
E,Y,-0.141,-0.057,0.425,-0.096,-0.091,0.221,-0.28,-0.315,0.157,0.303
E,V,-0.274,0.136,-0.187,-0.196,-0.299,0.221,-0.28,-0.315,0.157,0.303
E,G,0.218,0.562,-0.024,0.018,0.106,0.221,-0.28,-0.315,0.157,0.303
E,S,0.199,0.238,-0.015,-0.068,-0.196,0.221,-0.28,-0.315,0.157,0.303
E,N,0.255,0.038,0.117,0.118,-0.055,0.221,-0.28,-0.315,0.157,0.303
E,C,-0.132,0.174,0.07,0.565,-0.374,0.221,-0.28,-0.315,0.157,0.303
E,L,-0.267,0.018,-0.265,-0.274,0.206,0.221,-0.28,-0.315,0.157,0.303
E,W,-0.296,-0.186,0.389,0.083,0.297,0.221,-0.28,-0.315,0.157,0.303
E,M,-0.239,-0.141,-0.155,0.321,0.077,0.221,-0.28,-0.315,0.157,0.303
E,T,0.068,0.147,-0.015,-0.132,-0.274,0.221,-0.28,-0.315,0.157,0.303
E,P,0.173,0.286,0.407,-0.215,0.384,0.221,-0.28,-0.315,0.157,0.303
E,D,0.303,-0.057,-0.014,0.225,0.156,0.221,-0.28,-0.315,0.157,0.303
E,H,0.023,-0.177,0.041,0.28,-0.021,0.221,-0.28,-0.315,0.157,0.303
E,F,-0.329,-0.023,0.072,-0.002,0.208,0.221,-0.28,-0.315,0.157,0.303
F,S,0.199,0.238,-0.015,-0.068,-0.196,-0.329,-0.023,0.072,-0.002,0.208
F,Q,0.149,-0.184,-0.03,0.035,-0.112,-0.329,-0.023,0.072,-0.002,0.208
F,R,0.171,-0.361,0.107,-0.258,-0.364,-0.329,-0.023,0.072,-0.002,0.208
F,A,0.008,0.134,-0.475,-0.039,0.181,-0.329,-0.023,0.072,-0.002,0.208
F,N,0.255,0.038,0.117,0.118,-0.055,-0.329,-0.023,0.072,-0.002,0.208
F,V,-0.274,0.136,-0.187,-0.196,-0.299,-0.329,-0.023,0.072,-0.002,0.208
F,L,-0.267,0.018,-0.265,-0.274,0.206,-0.329,-0.023,0.072,-0.002,0.208
F,E,0.221,-0.28,-0.315,0.157,0.303,-0.329,-0.023,0.072,-0.002,0.208
F,I,-0.353,0.071,-0.088,-0.195,-0.107,-0.329,-0.023,0.072,-0.002,0.208
F,C,-0.132,0.174,0.07,0.565,-0.374,-0.329,-0.023,0.072,-0.002,0.208
F,P,0.173,0.286,0.407,-0.215,0.384,-0.329,-0.023,0.072,-0.002,0.208
F,D,0.303,-0.057,-0.014,0.225,0.156,-0.329,-0.023,0.072,-0.002,0.208
F,M,-0.239,-0.141,-0.155,0.321,0.077,-0.329,-0.023,0.072,-0.002,0.208
F,Y,-0.141,-0.057,0.425,-0.096,-0.091,-0.329,-0.023,0.072,-0.002,0.208
F,K,0.243,-0.339,-0.044,-0.325,-0.027,-0.329,-0.023,0.072,-0.002,0.208
F,G,0.218,0.562,-0.024,0.018,0.106,-0.329,-0.023,0.072,-0.002,0.208
F,W,-0.296,-0.186,0.389,0.083,0.297,-0.329,-0.023,0.072,-0.002,0.208
F,H,0.023,-0.177,0.041,0.28,-0.021,-0.329,-0.023,0.072,-0.002,0.208
F,T,0.068,0.147,-0.015,-0.132,-0.274,-0.329,-0.023,0.072,-0.002,0.208
G,K,0.243,-0.339,-0.044,-0.325,-0.027,0.218,0.562,-0.024,0.018,0.106
G,S,0.199,0.238,-0.015,-0.068,-0.196,0.218,0.562,-0.024,0.018,0.106
G,M,-0.239,-0.141,-0.155,0.321,0.077,0.218,0.562,-0.024,0.018,0.106
G,Q,0.149,-0.184,-0.03,0.035,-0.112,0.218,0.562,-0.024,0.018,0.106
G,T,0.068,0.147,-0.015,-0.132,-0.274,0.218,0.562,-0.024,0.018,0.106
G,L,-0.267,0.018,-0.265,-0.274,0.206,0.218,0.562,-0.024,0.018,0.106
G,R,0.171,-0.361,0.107,-0.258,-0.364,0.218,0.562,-0.024,0.018,0.106
G,I,-0.353,0.071,-0.088,-0.195,-0.107,0.218,0.562,-0.024,0.018,0.106
G,A,0.008,0.134,-0.475,-0.039,0.181,0.218,0.562,-0.024,0.018,0.106
G,Y,-0.141,-0.057,0.425,-0.096,-0.091,0.218,0.562,-0.024,0.018,0.106
G,V,-0.274,0.136,-0.187,-0.196,-0.299,0.218,0.562,-0.024,0.018,0.106
G,P,0.173,0.286,0.407,-0.215,0.384,0.218,0.562,-0.024,0.018,0.106
G,E,0.221,-0.28,-0.315,0.157,0.303,0.218,0.562,-0.024,0.018,0.106
G,N,0.255,0.038,0.117,0.118,-0.055,0.218,0.562,-0.024,0.018,0.106
G,C,-0.132,0.174,0.07,0.565,-0.374,0.218,0.562,-0.024,0.018,0.106
G,W,-0.296,-0.186,0.389,0.083,0.297,0.218,0.562,-0.024,0.018,0.106
G,F,-0.329,-0.023,0.072,-0.002,0.208,0.218,0.562,-0.024,0.018,0.106
G,D,0.303,-0.057,-0.014,0.225,0.156,0.218,0.562,-0.024,0.018,0.106
G,H,0.023,-0.177,0.041,0.28,-0.021,0.218,0.562,-0.024,0.018,0.106
H,V,-0.274,0.136,-0.187,-0.196,-0.299,0.023,-0.177,0.041,0.28,-0.021
H,S,0.199,0.238,-0.015,-0.068,-0.196,0.023,-0.177,0.041,0.28,-0.021
H,Q,0.149,-0.184,-0.03,0.035,-0.112,0.023,-0.177,0.041,0.28,-0.021
H,R,0.171,-0.361,0.107,-0.258,-0.364,0.023,-0.177,0.041,0.28,-0.021
H,T,0.068,0.147,-0.015,-0.132,-0.274,0.023,-0.177,0.041,0.28,-0.021
H,G,0.218,0.562,-0.024,0.018,0.106,0.023,-0.177,0.041,0.28,-0.021
H,L,-0.267,0.018,-0.265,-0.274,0.206,0.023,-0.177,0.041,0.28,-0.021
H,A,0.008,0.134,-0.475,-0.039,0.181,0.023,-0.177,0.041,0.28,-0.021
H,N,0.255,0.038,0.117,0.118,-0.055,0.023,-0.177,0.041,0.28,-0.021
H,C,-0.132,0.174,0.07,0.565,-0.374,0.023,-0.177,0.041,0.28,-0.021
H,P,0.173,0.286,0.407,-0.215,0.384,0.023,-0.177,0.041,0.28,-0.021
H,E,0.221,-0.28,-0.315,0.157,0.303,0.023,-0.177,0.041,0.28,-0.021
H,I,-0.353,0.071,-0.088,-0.195,-0.107,0.023,-0.177,0.041,0.28,-0.021
H,F,-0.329,-0.023,0.072,-0.002,0.208,0.023,-0.177,0.041,0.28,-0.021
H,K,0.243,-0.339,-0.044,-0.325,-0.027,0.023,-0.177,0.041,0.28,-0.021
H,D,0.303,-0.057,-0.014,0.225,0.156,0.023,-0.177,0.041,0.28,-0.021
H,M,-0.239,-0.141,-0.155,0.321,0.077,0.023,-0.177,0.041,0.28,-0.021
H,Y,-0.141,-0.057,0.425,-0.096,-0.091,0.023,-0.177,0.041,0.28,-0.021
H,W,-0.296,-0.186,0.389,0.083,0.297,0.023,-0.177,0.041,0.28,-0.021
I,V,-0.274,0.136,-0.187,-0.196,-0.299,-0.353,0.071,-0.088,-0.195,-0.107
I,P,0.173,0.286,0.407,-0.215,0.384,-0.353,0.071,-0.088,-0.195,-0.107
I,M,-0.239,-0.141,-0.155,0.321,0.077,-0.353,0.071,-0.088,-0.195,-0.107
I,Q,0.149,-0.184,-0.03,0.035,-0.112,-0.353,0.071,-0.088,-0.195,-0.107
I,K,0.243,-0.339,-0.044,-0.325,-0.027,-0.353,0.071,-0.088,-0.195,-0.107
I,S,0.199,0.238,-0.015,-0.068,-0.196,-0.353,0.071,-0.088,-0.195,-0.107
I,W,-0.296,-0.186,0.389,0.083,0.297,-0.353,0.071,-0.088,-0.195,-0.107
I,N,0.255,0.038,0.117,0.118,-0.055,-0.353,0.071,-0.088,-0.195,-0.107
I,T,0.068,0.147,-0.015,-0.132,-0.274,-0.353,0.071,-0.088,-0.195,-0.107
I,L,-0.267,0.018,-0.265,-0.274,0.206,-0.353,0.071,-0.088,-0.195,-0.107
I,R,0.171,-0.361,0.107,-0.258,-0.364,-0.353,0.071,-0.088,-0.195,-0.107
I,G,0.218,0.562,-0.024,0.018,0.106,-0.353,0.071,-0.088,-0.195,-0.107
I,Y,-0.141,-0.057,0.425,-0.096,-0.091,-0.353,0.071,-0.088,-0.195,-0.107
I,A,0.008,0.134,-0.475,-0.039,0.181,-0.353,0.071,-0.088,-0.195,-0.107
I,C,-0.132,0.174,0.07,0.565,-0.374,-0.353,0.071,-0.088,-0.195,-0.107
I,E,0.221,-0.28,-0.315,0.157,0.303,-0.353,0.071,-0.088,-0.195,-0.107
I,F,-0.329,-0.023,0.072,-0.002,0.208,-0.353,0.071,-0.088,-0.195,-0.107
I,H,0.023,-0.177,0.041,0.28,-0.021,-0.353,0.071,-0.088,-0.195,-0.107
I,D,0.303,-0.057,-0.014,0.225,0.156,-0.353,0.071,-0.088,-0.195,-0.107
K,A,0.008,0.134,-0.475,-0.039,0.181,0.243,-0.339,-0.044,-0.325,-0.027
K,V,-0.274,0.136,-0.187,-0.196,-0.299,0.243,-0.339,-0.044,-0.325,-0.027
K,S,0.199,0.238,-0.015,-0.068,-0.196,0.243,-0.339,-0.044,-0.325,-0.027
K,Q,0.149,-0.184,-0.03,0.035,-0.112,0.243,-0.339,-0.044,-0.325,-0.027
K,W,-0.296,-0.186,0.389,0.083,0.297,0.243,-0.339,-0.044,-0.325,-0.027
K,I,-0.353,0.071,-0.088,-0.195,-0.107,0.243,-0.339,-0.044,-0.325,-0.027
K,T,0.068,0.147,-0.015,-0.132,-0.274,0.243,-0.339,-0.044,-0.325,-0.027
K,R,0.171,-0.361,0.107,-0.258,-0.364,0.243,-0.339,-0.044,-0.325,-0.027
K,E,0.221,-0.28,-0.315,0.157,0.303,0.243,-0.339,-0.044,-0.325,-0.027
K,Y,-0.141,-0.057,0.425,-0.096,-0.091,0.243,-0.339,-0.044,-0.325,-0.027
K,G,0.218,0.562,-0.024,0.018,0.106,0.243,-0.339,-0.044,-0.325,-0.027
K,L,-0.267,0.018,-0.265,-0.274,0.206,0.243,-0.339,-0.044,-0.325,-0.027
K,H,0.023,-0.177,0.041,0.28,-0.021,0.243,-0.339,-0.044,-0.325,-0.027
K,N,0.255,0.038,0.117,0.118,-0.055,0.243,-0.339,-0.044,-0.325,-0.027
K,C,-0.132,0.174,0.07,0.565,-0.374,0.243,-0.339,-0.044,-0.325,-0.027
K,P,0.173,0.286,0.407,-0.215,0.384,0.243,-0.339,-0.044,-0.325,-0.027
K,D,0.303,-0.057,-0.014,0.225,0.156,0.243,-0.339,-0.044,-0.325,-0.027
K,M,-0.239,-0.141,-0.155,0.321,0.077,0.243,-0.339,-0.044,-0.325,-0.027
K,F,-0.329,-0.023,0.072,-0.002,0.208,0.243,-0.339,-0.044,-0.325,-0.027
L,V,-0.274,0.136,-0.187,-0.196,-0.299,-0.267,0.018,-0.265,-0.274,0.206
L,I,-0.353,0.071,-0.088,-0.195,-0.107,-0.267,0.018,-0.265,-0.274,0.206
L,S,0.199,0.238,-0.015,-0.068,-0.196,-0.267,0.018,-0.265,-0.274,0.206
L,A,0.008,0.134,-0.475,-0.039,0.181,-0.267,0.018,-0.265,-0.274,0.206
L,Q,0.149,-0.184,-0.03,0.035,-0.112,-0.267,0.018,-0.265,-0.274,0.206
L,P,0.173,0.286,0.407,-0.215,0.384,-0.267,0.018,-0.265,-0.274,0.206
L,R,0.171,-0.361,0.107,-0.258,-0.364,-0.267,0.018,-0.265,-0.274,0.206
L,M,-0.239,-0.141,-0.155,0.321,0.077,-0.267,0.018,-0.265,-0.274,0.206
L,K,0.243,-0.339,-0.044,-0.325,-0.027,-0.267,0.018,-0.265,-0.274,0.206
L,C,-0.132,0.174,0.07,0.565,-0.374,-0.267,0.018,-0.265,-0.274,0.206
L,F,-0.329,-0.023,0.072,-0.002,0.208,-0.267,0.018,-0.265,-0.274,0.206
L,W,-0.296,-0.186,0.389,0.083,0.297,-0.267,0.018,-0.265,-0.274,0.206
L,N,0.255,0.038,0.117,0.118,-0.055,-0.267,0.018,-0.265,-0.274,0.206
L,T,0.068,0.147,-0.015,-0.132,-0.274,-0.267,0.018,-0.265,-0.274,0.206
L,D,0.303,-0.057,-0.014,0.225,0.156,-0.267,0.018,-0.265,-0.274,0.206
L,Y,-0.141,-0.057,0.425,-0.096,-0.091,-0.267,0.018,-0.265,-0.274,0.206
L,G,0.218,0.562,-0.024,0.018,0.106,-0.267,0.018,-0.265,-0.274,0.206
L,E,0.221,-0.28,-0.315,0.157,0.303,-0.267,0.018,-0.265,-0.274,0.206
L,H,0.023,-0.177,0.041,0.28,-0.021,-0.267,0.018,-0.265,-0.274,0.206
M,Q,0.149,-0.184,-0.03,0.035,-0.112,-0.239,-0.141,-0.155,0.321,0.077
M,R,0.171,-0.361,0.107,-0.258,-0.364,-0.239,-0.141,-0.155,0.321,0.077
M,A,0.008,0.134,-0.475,-0.039,0.181,-0.239,-0.141,-0.155,0.321,0.077
M,V,-0.274,0.136,-0.187,-0.196,-0.299,-0.239,-0.141,-0.155,0.321,0.077
M,S,0.199,0.238,-0.015,-0.068,-0.196,-0.239,-0.141,-0.155,0.321,0.077
M,K,0.243,-0.339,-0.044,-0.325,-0.027,-0.239,-0.141,-0.155,0.321,0.077
M,C,-0.132,0.174,0.07,0.565,-0.374,-0.239,-0.141,-0.155,0.321,0.077
M,W,-0.296,-0.186,0.389,0.083,0.297,-0.239,-0.141,-0.155,0.321,0.077
M,L,-0.267,0.018,-0.265,-0.274,0.206,-0.239,-0.141,-0.155,0.321,0.077
M,T,0.068,0.147,-0.015,-0.132,-0.274,-0.239,-0.141,-0.155,0.321,0.077
M,G,0.218,0.562,-0.024,0.018,0.106,-0.239,-0.141,-0.155,0.321,0.077
M,I,-0.353,0.071,-0.088,-0.195,-0.107,-0.239,-0.141,-0.155,0.321,0.077
M,E,0.221,-0.28,-0.315,0.157,0.303,-0.239,-0.141,-0.155,0.321,0.077
M,Y,-0.141,-0.057,0.425,-0.096,-0.091,-0.239,-0.141,-0.155,0.321,0.077
M,F,-0.329,-0.023,0.072,-0.002,0.208,-0.239,-0.141,-0.155,0.321,0.077
M,P,0.173,0.286,0.407,-0.215,0.384,-0.239,-0.141,-0.155,0.321,0.077
M,H,0.023,-0.177,0.041,0.28,-0.021,-0.239,-0.141,-0.155,0.321,0.077
M,N,0.255,0.038,0.117,0.118,-0.055,-0.239,-0.141,-0.155,0.321,0.077
M,D,0.303,-0.057,-0.014,0.225,0.156,-0.239,-0.141,-0.155,0.321,0.077
N,L,-0.267,0.018,-0.265,-0.274,0.206,0.255,0.038,0.117,0.118,-0.055
N,V,-0.274,0.136,-0.187,-0.196,-0.299,0.255,0.038,0.117,0.118,-0.055
N,S,0.199,0.238,-0.015,-0.068,-0.196,0.255,0.038,0.117,0.118,-0.055
N,K,0.243,-0.339,-0.044,-0.325,-0.027,0.255,0.038,0.117,0.118,-0.055
N,Q,0.149,-0.184,-0.03,0.035,-0.112,0.255,0.038,0.117,0.118,-0.055
N,I,-0.353,0.071,-0.088,-0.195,-0.107,0.255,0.038,0.117,0.118,-0.055
N,R,0.171,-0.361,0.107,-0.258,-0.364,0.255,0.038,0.117,0.118,-0.055
N,A,0.008,0.134,-0.475,-0.039,0.181,0.255,0.038,0.117,0.118,-0.055
N,T,0.068,0.147,-0.015,-0.132,-0.274,0.255,0.038,0.117,0.118,-0.055
N,P,0.173,0.286,0.407,-0.215,0.384,0.255,0.038,0.117,0.118,-0.055
N,M,-0.239,-0.141,-0.155,0.321,0.077,0.255,0.038,0.117,0.118,-0.055
N,E,0.221,-0.28,-0.315,0.157,0.303,0.255,0.038,0.117,0.118,-0.055
N,H,0.023,-0.177,0.041,0.28,-0.021,0.255,0.038,0.117,0.118,-0.055
N,C,-0.132,0.174,0.07,0.565,-0.374,0.255,0.038,0.117,0.118,-0.055
N,W,-0.296,-0.186,0.389,0.083,0.297,0.255,0.038,0.117,0.118,-0.055
N,F,-0.329,-0.023,0.072,-0.002,0.208,0.255,0.038,0.117,0.118,-0.055
N,D,0.303,-0.057,-0.014,0.225,0.156,0.255,0.038,0.117,0.118,-0.055
N,Y,-0.141,-0.057,0.425,-0.096,-0.091,0.255,0.038,0.117,0.118,-0.055
N,G,0.218,0.562,-0.024,0.018,0.106,0.255,0.038,0.117,0.118,-0.055
P,Q,0.149,-0.184,-0.03,0.035,-0.112,0.173,0.286,0.407,-0.215,0.384
P,S,0.199,0.238,-0.015,-0.068,-0.196,0.173,0.286,0.407,-0.215,0.384
P,T,0.068,0.147,-0.015,-0.132,-0.274,0.173,0.286,0.407,-0.215,0.384
P,R,0.171,-0.361,0.107,-0.258,-0.364,0.173,0.286,0.407,-0.215,0.384
P,A,0.008,0.134,-0.475,-0.039,0.181,0.173,0.286,0.407,-0.215,0.384
P,V,-0.274,0.136,-0.187,-0.196,-0.299,0.173,0.286,0.407,-0.215,0.384
P,M,-0.239,-0.141,-0.155,0.321,0.077,0.173,0.286,0.407,-0.215,0.384
P,E,0.221,-0.28,-0.315,0.157,0.303,0.173,0.286,0.407,-0.215,0.384
P,K,0.243,-0.339,-0.044,-0.325,-0.027,0.173,0.286,0.407,-0.215,0.384
P,C,-0.132,0.174,0.07,0.565,-0.374,0.173,0.286,0.407,-0.215,0.384
P,N,0.255,0.038,0.117,0.118,-0.055,0.173,0.286,0.407,-0.215,0.384
P,W,-0.296,-0.186,0.389,0.083,0.297,0.173,0.286,0.407,-0.215,0.384
P,H,0.023,-0.177,0.041,0.28,-0.021,0.173,0.286,0.407,-0.215,0.384
P,L,-0.267,0.018,-0.265,-0.274,0.206,0.173,0.286,0.407,-0.215,0.384
P,G,0.218,0.562,-0.024,0.018,0.106,0.173,0.286,0.407,-0.215,0.384
P,I,-0.353,0.071,-0.088,-0.195,-0.107,0.173,0.286,0.407,-0.215,0.384
P,D,0.303,-0.057,-0.014,0.225,0.156,0.173,0.286,0.407,-0.215,0.384
P,Y,-0.141,-0.057,0.425,-0.096,-0.091,0.173,0.286,0.407,-0.215,0.384
P,F,-0.329,-0.023,0.072,-0.002,0.208,0.173,0.286,0.407,-0.215,0.384
Q,V,-0.274,0.136,-0.187,-0.196,-0.299,0.149,-0.184,-0.03,0.035,-0.112
Q,N,0.255,0.038,0.117,0.118,-0.055,0.149,-0.184,-0.03,0.035,-0.112
Q,S,0.199,0.238,-0.015,-0.068,-0.196,0.149,-0.184,-0.03,0.035,-0.112
Q,L,-0.267,0.018,-0.265,-0.274,0.206,0.149,-0.184,-0.03,0.035,-0.112
Q,C,-0.132,0.174,0.07,0.565,-0.374,0.149,-0.184,-0.03,0.035,-0.112
Q,I,-0.353,0.071,-0.088,-0.195,-0.107,0.149,-0.184,-0.03,0.035,-0.112
Q,W,-0.296,-0.186,0.389,0.083,0.297,0.149,-0.184,-0.03,0.035,-0.112
Q,K,0.243,-0.339,-0.044,-0.325,-0.027,0.149,-0.184,-0.03,0.035,-0.112
Q,T,0.068,0.147,-0.015,-0.132,-0.274,0.149,-0.184,-0.03,0.035,-0.112
Q,M,-0.239,-0.141,-0.155,0.321,0.077,0.149,-0.184,-0.03,0.035,-0.112
Q,R,0.171,-0.361,0.107,-0.258,-0.364,0.149,-0.184,-0.03,0.035,-0.112
Q,A,0.008,0.134,-0.475,-0.039,0.181,0.149,-0.184,-0.03,0.035,-0.112
Q,P,0.173,0.286,0.407,-0.215,0.384,0.149,-0.184,-0.03,0.035,-0.112
Q,G,0.218,0.562,-0.024,0.018,0.106,0.149,-0.184,-0.03,0.035,-0.112
Q,E,0.221,-0.28,-0.315,0.157,0.303,0.149,-0.184,-0.03,0.035,-0.112
Q,F,-0.329,-0.023,0.072,-0.002,0.208,0.149,-0.184,-0.03,0.035,-0.112
Q,H,0.023,-0.177,0.041,0.28,-0.021,0.149,-0.184,-0.03,0.035,-0.112
Q,Y,-0.141,-0.057,0.425,-0.096,-0.091,0.149,-0.184,-0.03,0.035,-0.112
Q,D,0.303,-0.057,-0.014,0.225,0.156,0.149,-0.184,-0.03,0.035,-0.112
R,V,-0.274,0.136,-0.187,-0.196,-0.299,0.171,-0.361,0.107,-0.258,-0.364
R,S,0.199,0.238,-0.015,-0.068,-0.196,0.171,-0.361,0.107,-0.258,-0.364
R,E,0.221,-0.28,-0.315,0.157,0.303,0.171,-0.361,0.107,-0.258,-0.364
R,W,-0.296,-0.186,0.389,0.083,0.297,0.171,-0.361,0.107,-0.258,-0.364
R,T,0.068,0.147,-0.015,-0.132,-0.274,0.171,-0.361,0.107,-0.258,-0.364
R,L,-0.267,0.018,-0.265,-0.274,0.206,0.171,-0.361,0.107,-0.258,-0.364
R,Q,0.149,-0.184,-0.03,0.035,-0.112,0.171,-0.361,0.107,-0.258,-0.364
R,Y,-0.141,-0.057,0.425,-0.096,-0.091,0.171,-0.361,0.107,-0.258,-0.364
R,A,0.008,0.134,-0.475,-0.039,0.181,0.171,-0.361,0.107,-0.258,-0.364
R,P,0.173,0.286,0.407,-0.215,0.384,0.171,-0.361,0.107,-0.258,-0.364
R,G,0.218,0.562,-0.024,0.018,0.106,0.171,-0.361,0.107,-0.258,-0.364
R,M,-0.239,-0.141,-0.155,0.321,0.077,0.171,-0.361,0.107,-0.258,-0.364
R,N,0.255,0.038,0.117,0.118,-0.055,0.171,-0.361,0.107,-0.258,-0.364
R,K,0.243,-0.339,-0.044,-0.325,-0.027,0.171,-0.361,0.107,-0.258,-0.364
R,C,-0.132,0.174,0.07,0.565,-0.374,0.171,-0.361,0.107,-0.258,-0.364
R,I,-0.353,0.071,-0.088,-0.195,-0.107,0.171,-0.361,0.107,-0.258,-0.364
R,H,0.023,-0.177,0.041,0.28,-0.021,0.171,-0.361,0.107,-0.258,-0.364
R,F,-0.329,-0.023,0.072,-0.002,0.208,0.171,-0.361,0.107,-0.258,-0.364
R,D,0.303,-0.057,-0.014,0.225,0.156,0.171,-0.361,0.107,-0.258,-0.364
S,C,-0.132,0.174,0.07,0.565,-0.374,0.199,0.238,-0.015,-0.068,-0.196
S,L,-0.267,0.018,-0.265,-0.274,0.206,0.199,0.238,-0.015,-0.068,-0.196
S,Q,0.149,-0.184,-0.03,0.035,-0.112,0.199,0.238,-0.015,-0.068,-0.196
S,A,0.008,0.134,-0.475,-0.039,0.181,0.199,0.238,-0.015,-0.068,-0.196
S,P,0.173,0.286,0.407,-0.215,0.384,0.199,0.238,-0.015,-0.068,-0.196
S,V,-0.274,0.136,-0.187,-0.196,-0.299,0.199,0.238,-0.015,-0.068,-0.196
S,N,0.255,0.038,0.117,0.118,-0.055,0.199,0.238,-0.015,-0.068,-0.196
S,E,0.221,-0.28,-0.315,0.157,0.303,0.199,0.238,-0.015,-0.068,-0.196
S,K,0.243,-0.339,-0.044,-0.325,-0.027,0.199,0.238,-0.015,-0.068,-0.196
S,T,0.068,0.147,-0.015,-0.132,-0.274,0.199,0.238,-0.015,-0.068,-0.196
S,I,-0.353,0.071,-0.088,-0.195,-0.107,0.199,0.238,-0.015,-0.068,-0.196
S,W,-0.296,-0.186,0.389,0.083,0.297,0.199,0.238,-0.015,-0.068,-0.196
S,R,0.171,-0.361,0.107,-0.258,-0.364,0.199,0.238,-0.015,-0.068,-0.196
S,Y,-0.141,-0.057,0.425,-0.096,-0.091,0.199,0.238,-0.015,-0.068,-0.196
S,M,-0.239,-0.141,-0.155,0.321,0.077,0.199,0.238,-0.015,-0.068,-0.196
S,D,0.303,-0.057,-0.014,0.225,0.156,0.199,0.238,-0.015,-0.068,-0.196
S,H,0.023,-0.177,0.041,0.28,-0.021,0.199,0.238,-0.015,-0.068,-0.196
S,G,0.218,0.562,-0.024,0.018,0.106,0.199,0.238,-0.015,-0.068,-0.196
S,F,-0.329,-0.023,0.072,-0.002,0.208,0.199,0.238,-0.015,-0.068,-0.196
T,Q,0.149,-0.184,-0.03,0.035,-0.112,0.068,0.147,-0.015,-0.132,-0.274
T,V,-0.274,0.136,-0.187,-0.196,-0.299,0.068,0.147,-0.015,-0.132,-0.274
T,I,-0.353,0.071,-0.088,-0.195,-0.107,0.068,0.147,-0.015,-0.132,-0.274
T,M,-0.239,-0.141,-0.155,0.321,0.077,0.068,0.147,-0.015,-0.132,-0.274
T,C,-0.132,0.174,0.07,0.565,-0.374,0.068,0.147,-0.015,-0.132,-0.274
T,S,0.199,0.238,-0.015,-0.068,-0.196,0.068,0.147,-0.015,-0.132,-0.274
T,W,-0.296,-0.186,0.389,0.083,0.297,0.068,0.147,-0.015,-0.132,-0.274
T,K,0.243,-0.339,-0.044,-0.325,-0.027,0.068,0.147,-0.015,-0.132,-0.274
T,Y,-0.141,-0.057,0.425,-0.096,-0.091,0.068,0.147,-0.015,-0.132,-0.274
T,R,0.171,-0.361,0.107,-0.258,-0.364,0.068,0.147,-0.015,-0.132,-0.274
T,D,0.303,-0.057,-0.014,0.225,0.156,0.068,0.147,-0.015,-0.132,-0.274
T,A,0.008,0.134,-0.475,-0.039,0.181,0.068,0.147,-0.015,-0.132,-0.274
T,E,0.221,-0.28,-0.315,0.157,0.303,0.068,0.147,-0.015,-0.132,-0.274
T,P,0.173,0.286,0.407,-0.215,0.384,0.068,0.147,-0.015,-0.132,-0.274
T,G,0.218,0.562,-0.024,0.018,0.106,0.068,0.147,-0.015,-0.132,-0.274
T,F,-0.329,-0.023,0.072,-0.002,0.208,0.068,0.147,-0.015,-0.132,-0.274
T,N,0.255,0.038,0.117,0.118,-0.055,0.068,0.147,-0.015,-0.132,-0.274
T,H,0.023,-0.177,0.041,0.28,-0.021,0.068,0.147,-0.015,-0.132,-0.274
T,L,-0.267,0.018,-0.265,-0.274,0.206,0.068,0.147,-0.015,-0.132,-0.274
V,S,0.199,0.238,-0.015,-0.068,-0.196,-0.274,0.136,-0.187,-0.196,-0.299
V,T,0.068,0.147,-0.015,-0.132,-0.274,-0.274,0.136,-0.187,-0.196,-0.299
V,E,0.221,-0.28,-0.315,0.157,0.303,-0.274,0.136,-0.187,-0.196,-0.299
V,Q,0.149,-0.184,-0.03,0.035,-0.112,-0.274,0.136,-0.187,-0.196,-0.299
V,C,-0.132,0.174,0.07,0.565,-0.374,-0.274,0.136,-0.187,-0.196,-0.299
V,R,0.171,-0.361,0.107,-0.258,-0.364,-0.274,0.136,-0.187,-0.196,-0.299
V,N,0.255,0.038,0.117,0.118,-0.055,-0.274,0.136,-0.187,-0.196,-0.299
V,A,0.008,0.134,-0.475,-0.039,0.181,-0.274,0.136,-0.187,-0.196,-0.299
V,L,-0.267,0.018,-0.265,-0.274,0.206,-0.274,0.136,-0.187,-0.196,-0.299
V,G,0.218,0.562,-0.024,0.018,0.106,-0.274,0.136,-0.187,-0.196,-0.299
V,I,-0.353,0.071,-0.088,-0.195,-0.107,-0.274,0.136,-0.187,-0.196,-0.299
V,W,-0.296,-0.186,0.389,0.083,0.297,-0.274,0.136,-0.187,-0.196,-0.299
V,P,0.173,0.286,0.407,-0.215,0.384,-0.274,0.136,-0.187,-0.196,-0.299
V,F,-0.329,-0.023,0.072,-0.002,0.208,-0.274,0.136,-0.187,-0.196,-0.299
V,M,-0.239,-0.141,-0.155,0.321,0.077,-0.274,0.136,-0.187,-0.196,-0.299
V,D,0.303,-0.057,-0.014,0.225,0.156,-0.274,0.136,-0.187,-0.196,-0.299
V,K,0.243,-0.339,-0.044,-0.325,-0.027,-0.274,0.136,-0.187,-0.196,-0.299
V,Y,-0.141,-0.057,0.425,-0.096,-0.091,-0.274,0.136,-0.187,-0.196,-0.299
V,H,0.023,-0.177,0.041,0.28,-0.021,-0.274,0.136,-0.187,-0.196,-0.299
W,L,-0.267,0.018,-0.265,-0.274,0.206,-0.296,-0.186,0.389,0.083,0.297
W,S,0.199,0.238,-0.015,-0.068,-0.196,-0.296,-0.186,0.389,0.083,0.297
W,Q,0.149,-0.184,-0.03,0.035,-0.112,-0.296,-0.186,0.389,0.083,0.297
W,V,-0.274,0.136,-0.187,-0.196,-0.299,-0.296,-0.186,0.389,0.083,0.297
W,P,0.173,0.286,0.407,-0.215,0.384,-0.296,-0.186,0.389,0.083,0.297
W,I,-0.353,0.071,-0.088,-0.195,-0.107,-0.296,-0.186,0.389,0.083,0.297
W,E,0.221,-0.28,-0.315,0.157,0.303,-0.296,-0.186,0.389,0.083,0.297
W,K,0.243,-0.339,-0.044,-0.325,-0.027,-0.296,-0.186,0.389,0.083,0.297
W,C,-0.132,0.174,0.07,0.565,-0.374,-0.296,-0.186,0.389,0.083,0.297
W,M,-0.239,-0.141,-0.155,0.321,0.077,-0.296,-0.186,0.389,0.083,0.297
W,D,0.303,-0.057,-0.014,0.225,0.156,-0.296,-0.186,0.389,0.083,0.297
W,T,0.068,0.147,-0.015,-0.132,-0.274,-0.296,-0.186,0.389,0.083,0.297
W,F,-0.329,-0.023,0.072,-0.002,0.208,-0.296,-0.186,0.389,0.083,0.297
W,R,0.171,-0.361,0.107,-0.258,-0.364,-0.296,-0.186,0.389,0.083,0.297
W,G,0.218,0.562,-0.024,0.018,0.106,-0.296,-0.186,0.389,0.083,0.297
W,A,0.008,0.134,-0.475,-0.039,0.181,-0.296,-0.186,0.389,0.083,0.297
W,Y,-0.141,-0.057,0.425,-0.096,-0.091,-0.296,-0.186,0.389,0.083,0.297
W,H,0.023,-0.177,0.041,0.28,-0.021,-0.296,-0.186,0.389,0.083,0.297
W,N,0.255,0.038,0.117,0.118,-0.055,-0.296,-0.186,0.389,0.083,0.297
Y,W,-0.296,-0.186,0.389,0.083,0.297,-0.141,-0.057,0.425,-0.096,-0.091
Y,G,0.218,0.562,-0.024,0.018,0.106,-0.141,-0.057,0.425,-0.096,-0.091
Y,V,-0.274,0.136,-0.187,-0.196,-0.299,-0.141,-0.057,0.425,-0.096,-0.091
Y,Q,0.149,-0.184,-0.03,0.035,-0.112,-0.141,-0.057,0.425,-0.096,-0.091
Y,C,-0.132,0.174,0.07,0.565,-0.374,-0.141,-0.057,0.425,-0.096,-0.091
Y,S,0.199,0.238,-0.015,-0.068,-0.196,-0.141,-0.057,0.425,-0.096,-0.091
Y,E,0.221,-0.28,-0.315,0.157,0.303,-0.141,-0.057,0.425,-0.096,-0.091
Y,T,0.068,0.147,-0.015,-0.132,-0.274,-0.141,-0.057,0.425,-0.096,-0.091
Y,L,-0.267,0.018,-0.265,-0.274,0.206,-0.141,-0.057,0.425,-0.096,-0.091
Y,R,0.171,-0.361,0.107,-0.258,-0.364,-0.141,-0.057,0.425,-0.096,-0.091
Y,N,0.255,0.038,0.117,0.118,-0.055,-0.141,-0.057,0.425,-0.096,-0.091
Y,A,0.008,0.134,-0.475,-0.039,0.181,-0.141,-0.057,0.425,-0.096,-0.091
Y,P,0.173,0.286,0.407,-0.215,0.384,-0.141,-0.057,0.425,-0.096,-0.091
Y,F,-0.329,-0.023,0.072,-0.002,0.208,-0.141,-0.057,0.425,-0.096,-0.091
Y,I,-0.353,0.071,-0.088,-0.195,-0.107,-0.141,-0.057,0.425,-0.096,-0.091
Y,H,0.023,-0.177,0.041,0.28,-0.021,-0.141,-0.057,0.425,-0.096,-0.091
Y,K,0.243,-0.339,-0.044,-0.325,-0.027,-0.141,-0.057,0.425,-0.096,-0.091
Y,M,-0.239,-0.141,-0.155,0.321,0.077,-0.141,-0.057,0.425,-0.096,-0.091
Y,D,0.303,-0.057,-0.014,0.225,0.156,-0.141,-0.057,0.425,-0.096,-0.091
