aa1	aa2	aa_blosum62	aa_blomap_aa1_dim1	aa_blomap_aa1_dim2	aa_blomap_aa1_dim3	aa_blomap_aa1_dim4	aa_blomap_aa1_dim5	aa_blomap_aa2_dim1	aa_blomap_aa2_dim2	aa_blomap_aa2_dim3	aa_blomap_aa2_dim4	aa_blomap_aa2_dim5	aa_braun_aa1_E1	aa_braun_aa1_E2	aa_braun_aa1_E3	aa_braun_aa1_E4	aa_braun_aa1_E5	aa_braun_aa2_E1	aa_braun_aa2_E2	aa_braun_aa2_E3	aa_braun_aa2_E4	aa_braun_aa2_E5	aa_grantham	aa_hphob_pca1	aa_hphob_pca2	aa_hphob_pca3
A	C	0	-0.57	0.39	-0.96	-0.61	-0.69	0.07	2.04	0.65	-1.13	-0.39	0.008	0.134	-0.475	-0.039	0.181	-0.132	0.174	0.07	0.565	-0.374	195	5.777326914168944	-7.274574859191136	-1.371940016542757
A	D	-2	-0.57	0.39	-0.96	-0.61	-0.69	-1.62	-0.52	-0.67	1.02	1.47	0.008	0.134	-0.475	-0.039	0.181	0.303	-0.057	-0.014	0.225	0.156	126	-7.741989823077151	6.244741878054458	-2.943972443387723
A	E	-1	-0.57	0.39	-0.96	-0.61	-0.69	-0.64	-1.59	-0.39	0.69	1.04	0.008	0.134	-0.475	-0.039	0.181	0.221	-0.28	-0.315	0.157	0.303	107	-7.57652699748865	6.079279052465971	-3.1194718651950306
A	F	-2	-0.57	0.39	-0.96	-0.61	-0.69	1.87	1.04	1.28	-0.61	-0.16	0.008	0.134	-0.475	-0.039	0.181	-0.329	-0.023	0.072	-0.002	0.208	113	7.073373522185339	-8.570621467207454	-5.13340688175232
A	G	0	-0.57	0.39	-0.96	-0.61	-0.69	-0.9	0.87	-0.36	1.08	1.95	0.008	0.134	-0.475	-0.039	0.181	0.218	0.562	-0.024	0.018	0.106	60	-1.720382614827139	0.2231346698046458	1.4153399879917943
A	H	-2	-0.57	0.39	-0.96	-0.61	-0.69	0.73	-0.67	-0.42	1.13	0.99	0.008	0.134	-0.475	-0.039	0.181	0.023	-0.177	0.041	0.28	-0.021	86	-2.9053620112175023	1.408114066194997	-4.074646666337986
A	I	-1	-0.57	0.39	-0.96	-0.61	-0.69	0.59	0.79	1.44	-1.9	-0.93	0.008	0.134	-0.475	-0.039	0.181	-0.353	0.071	-0.088	-0.195	-0.107	94	7.76478446468876	-9.262032409710859	-3.1567000915216603
A	K	-1	-0.57	0.39	-0.96	-0.61	-0.69	-0.64	-1.19	-0.65	0.68	-0.13	0.008	0.134	-0.475	-0.039	0.181	0.243	-0.339	-0.044	-0.325	-0.027	106	-8.761835949808935	7.264588004786212	-4.633689005584223
A	L	-1	-0.57	0.39	-0.96	-0.61	-0.69	0.65	0.84	1.25	-0.99	-1.9	0.008	0.134	-0.475	-0.039	0.181	-0.267	0.018	-0.265	-0.274	0.206	96	6.531050327660411	-8.02829827268256	-3.190130957773769
A	M	-1	-0.57	0.39	-0.96	-0.61	-0.69	0.76	0.05	0.06	-0.62	-1.59	0.008	0.134	-0.475	-0.039	0.181	-0.239	-0.141	-0.155	0.321	0.077	84	4.663104877060126	-6.16035282208235	-2.753545188013263
A	N	-2	-0.57	0.39	-0.96	-0.61	-0.69	-0.7	-0.63	-1.47	1.02	1.06	0.008	0.134	-0.475	-0.039	0.181	0.255	0.038	0.117	0.118	-0.055	111	-6.383142408976485	4.8858944639538375	-2.6259437692823377
A	P	-1	-0.57	0.39	-0.96	-0.61	-0.69	-1.82	-0.63	0.32	0.03	0.68	0.008	0.134	-0.475	-0.039	0.181	0.173	0.286	0.407	-0.215	0.384	27	-2.274612282365311	0.7773643373428278	-3.271394570051687
A	Q	-1	-0.57	0.39	-0.96	-0.61	-0.69	-0.05	-1.5	-0.67	0.49	0.21	0.008	0.134	-0.475	-0.039	0.181	0.149	-0.184	-0.03	0.035	-0.112	91	-6.7120790185180255	5.21483107349537	-2.8592477754926056
A	R	-1	-0.57	0.39	-0.96	-0.61	-0.69	-0.4	-0.83	-0.61	1.26	-0.28	0.008	0.134	-0.475	-0.039	0.181	0.171	-0.361	0.107	-0.258	-0.364	112	-9.49994191972279	8.002693974700048	-6.7681860529078355
A	S	1	-0.57	0.39	-0.96	-0.61	-0.69	-0.39	-0.27	-1.51	-0.25	0.31	0.008	0.134	-0.475	-0.039	0.181	0.199	0.238	-0.015	-0.068	-0.196	99	-3.7845014369370644	2.287253491914506	-0.5042514488862785
A	T	0	-0.57	0.39	-0.96	-0.61	-0.69	-0.04	-0.3	-0.82	-1.02	-0.04	0.008	0.134	-0.475	-0.039	0.181	0.068	0.147	-0.015	-0.132	-0.274	58	-2.4770396254015945	0.9797916803790888	-1.0181369721148157
A	V	0	-0.57	0.39	-0.96	-0.61	-0.69	-0.02	0.3	0.97	-1.55	-1.16	0.008	0.134	-0.475	-0.039	0.181	-0.274	0.136	-0.187	-0.196	-0.299	64	5.831343377152336	-7.328591322174523	-1.9238283100902438
A	W	-3	-0.57	0.39	-0.96	-0.61	-0.69	1.38	1.69	1.91	1.07	-0.05	0.008	0.134	-0.475	-0.039	0.181	-0.296	-0.186	0.389	0.083	0.297	148	5.6541171198033195	-7.151365064825476	-6.939433446885119
A	Y	-2	-0.57	0.39	-0.96	-0.61	-0.69	1.75	0.11	0.65	0.21	-0.41	0.008	0.134	-0.475	-0.039	0.181	-0.141	-0.057	0.425	-0.096	-0.091	112	1.569834035397051	-3.06708198041937	-6.2953758688887795
C	A	0	0.07	2.04	0.65	-1.13	-0.39	-0.57	0.39	-0.96	-0.61	-0.69	-0.132	0.174	0.07	0.565	-0.374	0.008	0.134	-0.475	-0.039	0.181	195	-5.777326914168673	-7.274574859191372	1.3719400165426445
C	D	-3	0.07	2.04	0.65	-1.13	-0.39	-1.62	-0.52	-0.67	1.02	1.47	-0.132	0.174	0.07	0.565	-0.374	0.303	-0.057	-0.014	0.225	0.156	154	-13.51931673724584	0.46741496388552345	-1.572032426845064
C	E	-4	0.07	2.04	0.65	-1.13	-0.39	-0.64	-1.59	-0.39	0.69	1.04	-0.132	0.174	0.07	0.565	-0.374	0.221	-0.28	-0.315	0.157	0.303	170	-13.353853911657348	0.3019521382970324	-1.7475318486523752
C	F	-2	0.07	2.04	0.65	-1.13	-0.39	1.87	1.04	1.28	-0.61	-0.16	-0.132	0.174	0.07	0.565	-0.374	-0.329	-0.023	0.072	-0.002	0.208	205	1.2960466080166433	-14.347948381376385	-3.7614668652096612
C	G	-3	0.07	2.04	0.65	-1.13	-0.39	-0.9	0.87	-0.36	1.08	1.95	-0.132	0.174	0.07	0.565	-0.374	0.218	0.562	-0.024	0.018	0.106	159	-7.4977095289958315	-5.554192244364285	2.7872800045344492
C	H	-3	0.07	2.04	0.65	-1.13	-0.39	0.73	-0.67	-0.42	1.13	0.99	-0.132	0.174	0.07	0.565	-0.374	0.023	-0.177	0.041	0.28	-0.021	174	-8.682688925386195	-4.369212847973934	-2.702706649795331
C	I	-1	0.07	2.04	0.65	-1.13	-0.39	0.59	0.79	1.44	-1.9	-0.93	-0.132	0.174	0.07	0.565	-0.374	-0.353	0.071	-0.088	-0.195	-0.107	198	1.9874575505200656	-15.039359323879786	-1.7847600749790065
C	K	-3	0.07	2.04	0.65	-1.13	-0.39	-0.64	-1.19	-0.65	0.68	-0.13	-0.132	0.174	0.07	0.565	-0.374	0.243	-0.339	-0.044	-0.325	-0.027	202	-14.539162863977621	1.48726109061728	-3.261748989041569
C	L	-1	0.07	2.04	0.65	-1.13	-0.39	0.65	0.84	1.25	-0.99	-1.9	-0.132	0.174	0.07	0.565	-0.374	-0.267	0.018	-0.265	-0.274	0.206	198	0.7537234134917183	-13.805625186851488	-1.8181909412311146
C	M	-1	0.07	2.04	0.65	-1.13	-0.39	0.76	0.05	0.06	-0.62	-1.59	-0.132	0.174	0.07	0.565	-0.374	-0.239	-0.141	-0.155	0.321	0.077	196	-1.1142220371085712	-11.937679736251287	-1.3816051714706066
C	N	-3	0.07	2.04	0.65	-1.13	-0.39	-0.7	-0.63	-1.47	1.02	1.06	-0.132	0.174	0.07	0.565	-0.374	0.255	0.038	0.117	0.118	-0.055	139	-12.160469323145188	-0.8914324502150918	-1.2540037527396812
C	P	-3	0.07	2.04	0.65	-1.13	-0.39	-1.82	-0.63	0.32	0.03	0.68	-0.132	0.174	0.07	0.565	-0.374	0.173	0.286	0.407	-0.215	0.384	169	-8.051939196534006	-4.999962576826104	-1.8994545535090326
C	Q	-3	0.07	2.04	0.65	-1.13	-0.39	-0.05	-1.5	-0.67	0.49	0.21	-0.132	0.174	0.07	0.565	-0.374	0.149	-0.184	-0.03	0.035	-0.112	154	-12.48940593268672	-0.5624958406735596	-1.4873077589499502
C	R	-3	0.07	2.04	0.65	-1.13	-0.39	-0.4	-0.83	-0.61	1.26	-0.28	-0.132	0.174	0.07	0.565	-0.374	0.171	-0.361	0.107	-0.258	-0.364	180	-15.277268833891485	2.2253670605311173	-5.396246036365179
C	S	-1	0.07	2.04	0.65	-1.13	-0.39	-0.39	-0.27	-1.51	-0.25	0.31	-0.132	0.174	0.07	0.565	-0.374	0.199	0.238	-0.015	-0.068	-0.196	112	-9.561828351105758	-3.4900734222544285	0.8676885676563769
C	T	-1	0.07	2.04	0.65	-1.13	-0.39	-0.04	-0.3	-0.82	-1.02	-0.04	-0.132	0.174	0.07	0.565	-0.374	0.068	0.147	-0.015	-0.132	-0.274	149	-8.254366539570292	-4.79753523378985	0.3538030444278396
C	V	-1	0.07	2.04	0.65	-1.13	-0.39	-0.02	0.3	0.97	-1.55	-1.16	-0.132	0.174	0.07	0.565	-0.374	-0.274	0.136	-0.187	-0.196	-0.299	192	0.054016462983642474	-13.105918236343449	-0.5518882935475877
C	W	-2	0.07	2.04	0.65	-1.13	-0.39	1.38	1.69	1.91	1.07	-0.05	-0.132	0.174	0.07	0.565	-0.374	-0.296	-0.186	0.389	0.083	0.297	215	-0.12320979436538032	-12.9286919789944	-5.567493430342464
C	Y	-2	0.07	2.04	0.65	-1.13	-0.39	1.75	0.11	0.65	0.21	-0.41	-0.132	0.174	0.07	0.565	-0.374	-0.141	-0.057	0.425	-0.096	-0.091	194	-4.207492878771644	-8.844408894588298	-4.923435852346122
D	A	-2	-1.62	-0.52	-0.67	1.02	1.47	-0.57	0.39	-0.96	-0.61	-0.69	0.303	-0.057	-0.014	0.225	0.156	0.008	0.134	-0.475	-0.039	0.181	126	7.7419898230769055	6.2447418780547	2.943972443387823
D	C	-3	-1.62	-0.52	-0.67	1.02	1.47	0.07	2.04	0.65	-1.13	-0.39	0.303	-0.057	-0.014	0.225	0.156	-0.132	0.174	0.07	0.565	-0.374	154	13.519316737245832	0.4674149638860058	1.5720324268450767
D	E	2	-1.62	-0.52	-0.67	1.02	1.47	-0.64	-1.59	-0.39	0.69	1.04	0.303	-0.057	-0.014	0.225	0.156	0.221	-0.28	-0.315	0.157	0.303	45	0.16546282558822806	13.821268875543115	-0.17549942180719807
D	F	-3	-1.62	-0.52	-0.67	1.02	1.47	1.87	1.04	1.28	-0.61	-0.16	0.303	-0.057	-0.014	0.225	0.156	-0.329	-0.023	0.072	-0.002	0.208	177	14.815363345262226	-0.8286316441303178	-2.189434438364486
D	G	-1	-1.62	-0.52	-0.67	1.02	1.47	-0.9	0.87	-0.36	1.08	1.95	0.303	-0.057	-0.014	0.225	0.156	0.218	0.562	-0.024	0.018	0.106	94	6.021607208249747	7.965124492881784	4.359312431379625
D	H	-1	-1.62	-0.52	-0.67	1.02	1.47	0.73	-0.67	-0.42	1.13	0.99	0.303	-0.057	-0.014	0.225	0.156	0.023	-0.177	0.041	0.28	-0.021	81	4.836627811859383	9.150103889272131	-1.1306742229501519
D	I	-3	-1.62	-0.52	-0.67	1.02	1.47	0.59	0.79	1.44	-1.9	-0.93	0.303	-0.057	-0.014	0.225	0.156	-0.353	0.071	-0.088	-0.195	-0.107	168	15.506774287765637	-1.520042586633724	-0.21272764813382797
D	K	-1	-1.62	-0.52	-0.67	1.02	1.47	-0.64	-1.19	-0.65	0.68	-0.13	0.303	-0.057	-0.014	0.225	0.156	0.243	-0.339	-0.044	-0.325	-0.027	101	-1.0198461267320522	15.006577827863358	-1.6897165621963899
D	L	-4	-1.62	-0.52	-0.67	1.02	1.47	0.65	0.84	1.25	-0.99	-1.9	0.303	-0.057	-0.014	0.225	0.156	-0.267	0.018	-0.265	-0.274	0.206	172	14.273040150737286	-0.2863084496054207	-0.24615851438593642
D	M	-3	-1.62	-0.52	-0.67	1.02	1.47	0.76	0.05	0.06	-0.62	-1.59	0.303	-0.057	-0.014	0.225	0.156	-0.239	-0.141	-0.155	0.321	0.077	160	12.40509470013701	1.5816370009947913	0.19042725537457067
D	N	1	-1.62	-0.52	-0.67	1.02	1.47	-0.7	-0.63	-1.47	1.02	1.06	0.303	-0.057	-0.014	0.225	0.156	0.255	0.038	0.117	0.118	-0.055	23	1.3588474141003992	12.627884287030978	0.31802867410549585
D	P	-1	-1.62	-0.52	-0.67	1.02	1.47	-1.82	-0.63	0.32	0.03	0.68	0.303	-0.057	-0.014	0.225	0.156	0.173	0.286	0.407	-0.215	0.384	108	5.467377540711573	8.519354160419958	-0.32742212666385384
D	Q	0	-1.62	-0.52	-0.67	1.02	1.47	-0.05	-1.5	-0.67	0.49	0.21	0.303	-0.057	-0.014	0.225	0.156	0.149	-0.184	-0.03	0.035	-0.112	61	1.0299108045588607	12.9568208965725	0.08472466789522726
D	R	-2	-1.62	-0.52	-0.67	1.02	1.47	-0.4	-0.83	-0.61	1.26	-0.28	0.303	-0.057	-0.014	0.225	0.156	0.171	-0.361	0.107	-0.258	-0.364	96	-1.7579520966459037	15.744683797777197	-3.824213609520003
D	S	0	-1.62	-0.52	-0.67	1.02	1.47	-0.39	-0.27	-1.51	-0.25	0.31	0.303	-0.057	-0.014	0.225	0.156	0.199	0.238	-0.015	-0.068	-0.196	65	3.9574883861398202	10.029243314991648	2.4397209945015548
D	T	-1	-1.62	-0.52	-0.67	1.02	1.47	-0.04	-0.3	-0.82	-1.02	-0.04	0.303	-0.057	-0.014	0.225	0.156	0.068	0.147	-0.015	-0.132	-0.274	85	5.264950197675288	8.721781503456226	1.9258354712730166
D	V	-3	-1.62	-0.52	-0.67	1.02	1.47	-0.02	0.3	0.97	-1.55	-1.16	0.303	-0.057	-0.014	0.225	0.156	-0.274	0.136	-0.187	-0.196	-0.299	152	13.57333320022923	0.4133985009026182	1.0201441332975907
D	W	-4	-1.62	-0.52	-0.67	1.02	1.47	1.38	1.69	1.91	1.07	-0.05	0.303	-0.057	-0.014	0.225	0.156	-0.296	-0.186	0.389	0.083	0.297	181	13.396106942880206	0.5906247582516617	-3.9954610034972844
D	Y	-3	-1.62	-0.52	-0.67	1.02	1.47	1.75	0.11	0.65	0.21	-0.41	0.303	-0.057	-0.014	0.225	0.156	-0.141	-0.057	0.425	-0.096	-0.091	160	9.311823858473936	4.6749078426577775	-3.351403425500946
E	A	-1	-0.64	-1.59	-0.39	0.69	1.04	-0.57	0.39	-0.96	-0.61	-0.69	0.221	-0.28	-0.315	0.157	0.303	0.008	0.134	-0.475	-0.039	0.181	107	7.576526997488414	6.0792790524662035	3.119471865195131
E	C	-4	-0.64	-1.59	-0.39	0.69	1.04	0.07	2.04	0.65	-1.13	-0.39	0.221	-0.28	-0.315	0.157	0.303	-0.132	0.174	0.07	0.565	-0.374	170	13.353853911657337	0.3019521382975106	1.747531848652385
E	D	2	-0.64	-1.59	-0.39	0.69	1.04	-1.62	-0.52	-0.67	1.02	1.47	0.221	-0.28	-0.315	0.157	0.303	0.303	-0.057	-0.014	0.225	0.156	45	-0.16546282558875725	13.821268875543105	0.17549942180742095
E	F	-3	-0.64	-1.59	-0.39	0.69	1.04	1.87	1.04	1.28	-0.61	-0.16	0.221	-0.28	-0.315	0.157	0.303	-0.329	-0.023	0.072	-0.002	0.208	140	14.649900519673734	-0.994094469718814	-2.0139350165571788
E	G	-2	-0.64	-1.59	-0.39	0.69	1.04	-0.9	0.87	-0.36	1.08	1.95	0.221	-0.28	-0.315	0.157	0.303	0.218	0.562	-0.024	0.018	0.106	98	5.856144382661255	7.7996616672932895	4.534811853186934
E	H	0	-0.64	-1.59	-0.39	0.69	1.04	0.73	-0.67	-0.42	1.13	0.99	0.221	-0.28	-0.315	0.157	0.303	0.023	-0.177	0.041	0.28	-0.021	40	4.671164986270892	8.984641063683636	-0.9551748011428438
E	I	-3	-0.64	-1.59	-0.39	0.69	1.04	0.59	0.79	1.44	-1.9	-0.93	0.221	-0.28	-0.315	0.157	0.303	-0.353	0.071	-0.088	-0.195	-0.107	134	15.341311462177146	-1.6855054122222206	-0.03722822632652049
E	K	1	-0.64	-1.59	-0.39	0.69	1.04	-0.64	-1.19	-0.65	0.68	-0.13	0.221	-0.28	-0.315	0.157	0.303	0.243	-0.339	-0.044	-0.325	-0.027	56	-1.185308952320543	14.841115002274861	-1.5142171403890818
E	L	-3	-0.64	-1.59	-0.39	0.69	1.04	0.65	0.84	1.25	-0.99	-1.9	0.221	-0.28	-0.315	0.157	0.303	-0.267	0.018	-0.265	-0.274	0.206	138	14.107577325148796	-0.45177127519391713	-0.07065909257862868
E	M	-2	-0.64	-1.59	-0.39	0.69	1.04	0.76	0.05	0.06	-0.62	-1.59	0.221	-0.28	-0.315	0.157	0.303	-0.239	-0.141	-0.155	0.321	0.077	126	12.239631874548516	1.4161741754062953	0.3659266771818785
E	N	0	-0.64	-1.59	-0.39	0.69	1.04	-0.7	-0.63	-1.47	1.02	1.06	0.221	-0.28	-0.315	0.157	0.303	0.255	0.038	0.117	0.118	-0.055	42	1.1933845885119085	12.462421461442483	0.49352809591280367
E	P	-1	-0.64	-1.59	-0.39	0.69	1.04	-1.82	-0.63	0.32	0.03	0.68	0.221	-0.28	-0.315	0.157	0.303	0.173	0.286	0.407	-0.215	0.384	93	5.301914715123082	8.353891334831463	-0.15192270485654624
E	Q	2	-0.64	-1.59	-0.39	0.69	1.04	-0.05	-1.5	-0.67	0.49	0.21	0.221	-0.28	-0.315	0.157	0.303	0.149	-0.184	-0.03	0.035	-0.112	29	0.8644479789703683	12.791358070984005	0.2602240897025349
E	R	0	-0.64	-1.59	-0.39	0.69	1.04	-0.4	-0.83	-0.61	1.26	-0.28	0.221	-0.28	-0.315	0.157	0.303	0.171	-0.361	0.107	-0.258	-0.364	54	-1.9234149222343953	15.5792209721887	-3.6487141877126956
E	S	0	-0.64	-1.59	-0.39	0.69	1.04	-0.39	-0.27	-1.51	-0.25	0.31	0.221	-0.28	-0.315	0.157	0.303	0.199	0.238	-0.015	-0.068	-0.196	80	3.7920255605513287	9.863780489403153	2.615220416308863
E	T	-1	-0.64	-1.59	-0.39	0.69	1.04	-0.04	-0.3	-0.82	-1.02	-0.04	0.221	-0.28	-0.315	0.157	0.303	0.068	0.147	-0.015	-0.132	-0.274	65	5.099487372086797	8.55631867786773	2.1013348930803244
E	V	-2	-0.64	-1.59	-0.39	0.69	1.04	-0.02	0.3	0.97	-1.55	-1.16	0.221	-0.28	-0.315	0.157	0.303	-0.274	0.136	-0.187	-0.196	-0.299	121	13.407870374640739	0.24793567531412325	1.1956435551048983
E	W	-3	-0.64	-1.59	-0.39	0.69	1.04	1.38	1.69	1.91	1.07	-0.05	0.221	-0.28	-0.315	0.157	0.303	-0.296	-0.186	0.389	0.083	0.297	152	13.230644117291714	0.425161932663166	-3.819961581689977
E	Y	-2	-0.64	-1.59	-0.39	0.69	1.04	1.75	0.11	0.65	0.21	-0.41	0.221	-0.28	-0.315	0.157	0.303	-0.141	-0.057	0.425	-0.096	-0.091	122	9.146361032885443	4.5094450170692815	-3.1759040036936383
F	A	-2	1.87	1.04	1.28	-0.61	-0.16	-0.57	0.39	-0.96	-0.61	-0.69	-0.329	-0.023	0.072	-0.002	0.208	0.008	0.134	-0.475	-0.039	0.181	113	-7.073373522185017	-8.57062146720781	5.133406881752179
F	C	-2	1.87	1.04	1.28	-0.61	-0.16	0.07	2.04	0.65	-1.13	-0.39	-0.329	-0.023	0.072	-0.002	0.208	-0.132	0.174	0.07	0.565	-0.374	205	-1.2960466080160906	-14.347948381376499	3.7614668652094343
F	D	-3	1.87	1.04	1.28	-0.61	-0.16	-1.62	-0.52	-0.67	1.02	1.47	-0.329	-0.023	0.072	-0.002	0.208	0.303	-0.057	-0.014	0.225	0.156	177	-14.81536334526218	-0.8286316441309083	2.189434438364468
F	E	-3	1.87	1.04	1.28	-0.61	-0.16	-0.64	-1.59	-0.39	0.69	1.04	-0.329	-0.023	0.072	-0.002	0.208	0.221	-0.28	-0.315	0.157	0.303	140	-14.649900519673688	-0.9940944697193972	2.0139350165571597
F	G	-3	1.87	1.04	1.28	-0.61	-0.16	-0.9	0.87	-0.36	1.08	1.95	-0.329	-0.023	0.072	-0.002	0.208	0.218	0.562	-0.024	0.018	0.106	153	-8.793756137012172	-6.850238852380715	6.548746869743984
F	H	-1	1.87	1.04	1.28	-0.61	-0.16	0.73	-0.67	-0.42	1.13	0.99	-0.329	-0.023	0.072	-0.002	0.208	0.023	-0.177	0.041	0.28	-0.021	100	-9.978735533402542	-5.665259455990364	1.0587602154142057
F	I	0	1.87	1.04	1.28	-0.61	-0.16	0.59	0.79	1.44	-1.9	-0.93	-0.329	-0.023	0.072	-0.002	0.208	-0.353	0.071	-0.088	-0.195	-0.107	21	0.6914109425037226	-16.335405931896222	1.9767067902305289
F	K	-3	1.87	1.04	1.28	-0.61	-0.16	-0.64	-1.19	-0.65	0.68	-0.13	-0.329	-0.023	0.072	-0.002	0.208	0.243	-0.339	-0.044	-0.325	-0.027	102	-15.835209471993965	0.19121448260084947	0.49971787616796826
F	L	0	1.87	1.04	1.28	-0.61	-0.16	0.65	0.84	1.25	-0.99	-1.9	-0.329	-0.023	0.072	-0.002	0.208	-0.267	0.018	-0.265	-0.274	0.206	22	-0.5423231945246274	-15.10167179486792	1.9432759239784214
F	M	0	1.87	1.04	1.28	-0.61	-0.16	0.76	0.05	0.06	-0.62	-1.59	-0.329	-0.023	0.072	-0.002	0.208	-0.239	-0.141	-0.155	0.321	0.077	28	-2.4102686451249125	-13.233726344267723	2.379861693738928
F	N	-3	1.87	1.04	1.28	-0.61	-0.16	-0.7	-0.63	-1.47	1.02	1.06	-0.329	-0.023	0.072	-0.002	0.208	0.255	0.038	0.117	0.118	-0.055	158	-13.456515931161535	-2.1874790582315224	2.5074631124698525
F	P	-4	1.87	1.04	1.28	-0.61	-0.16	-1.82	-0.63	0.32	0.03	0.68	-0.329	-0.023	0.072	-0.002	0.208	0.173	0.286	0.407	-0.215	0.384	114	-9.347985804550344	-6.296009184842535	1.8620123117005036
F	Q	-3	1.87	1.04	1.28	-0.61	-0.16	-0.05	-1.5	-0.67	0.49	0.21	-0.329	-0.023	0.072	-0.002	0.208	0.149	-0.184	-0.03	0.035	-0.112	116	-13.785452540703066	-1.8585424486899897	2.2741591062595847
F	R	-3	1.87	1.04	1.28	-0.61	-0.16	-0.4	-0.83	-0.61	1.26	-0.28	-0.329	-0.023	0.072	-0.002	0.208	0.171	-0.361	0.107	-0.258	-0.364	97	-16.573315441907827	0.9293204525146856	-1.6347791711556443
F	S	-2	1.87	1.04	1.28	-0.61	-0.16	-0.39	-0.27	-1.51	-0.25	0.31	-0.329	-0.023	0.072	-0.002	0.208	0.199	0.238	-0.015	-0.068	-0.196	155	-10.8578749591221	-4.786120030270859	4.629155432865909
F	T	-2	1.87	1.04	1.28	-0.61	-0.16	-0.04	-0.3	-0.82	-1.02	-0.04	-0.329	-0.023	0.072	-0.002	0.208	0.068	0.147	-0.015	-0.132	-0.274	103	-9.550413147586644	-6.09358184180628	4.115269909637377
F	V	-1	1.87	1.04	1.28	-0.61	-0.16	-0.02	0.3	0.97	-1.55	-1.16	-0.329	-0.023	0.072	-0.002	0.208	-0.274	0.136	-0.187	-0.196	-0.299	50	-1.2420301450327031	-14.401964844359874	3.209578571661946
F	W	1	1.87	1.04	1.28	-0.61	-0.16	1.38	1.69	1.91	1.07	-0.05	-0.329	-0.023	0.072	-0.002	0.208	-0.296	-0.186	0.389	0.083	0.297	40	-1.4192564023817242	-14.224738587010833	-1.8060265651329273
F	Y	3	1.87	1.04	1.28	-0.61	-0.16	1.75	0.11	0.65	0.21	-0.41	-0.329	-0.023	0.072	-0.002	0.208	-0.141	-0.057	0.425	-0.096	-0.091	22	-5.5035394867879885	-10.140455502604732	-1.161968987136586
G	A	0	-0.9	0.87	-0.36	1.08	1.95	-0.57	0.39	-0.96	-0.61	-0.69	0.218	0.562	-0.024	0.018	0.106	0.008	0.134	-0.475	-0.039	0.181	60	1.720382614827124	0.22313466980473462	-1.4153399879917905
G	C	-3	-0.9	0.87	-0.36	1.08	1.95	0.07	2.04	0.65	-1.13	-0.39	0.218	0.562	-0.024	0.018	0.106	-0.132	0.174	0.07	0.565	-0.374	159	7.497709528996042	-5.554192244363956	-2.7872800045345336
G	D	-1	-0.9	0.87	-0.36	1.08	1.95	-1.62	-0.52	-0.67	1.02	1.47	0.218	0.562	-0.024	0.018	0.106	0.303	-0.057	-0.014	0.225	0.156	94	-6.021607208250052	7.965124492881636	-4.359312431379497
G	E	-2	-0.9	0.87	-0.36	1.08	1.95	-0.64	-1.59	-0.39	0.69	1.04	0.218	0.562	-0.024	0.018	0.106	0.221	-0.28	-0.315	0.157	0.303	98	-5.8561443826615545	7.799661667293151	-4.534811853186814
G	F	-3	-0.9	0.87	-0.36	1.08	1.95	1.87	1.04	1.28	-0.61	-0.16	0.218	0.562	-0.024	0.018	0.106	-0.329	-0.023	0.072	-0.002	0.208	153	8.793756137012432	-6.8502388523802775	-6.5487468697440985
G	H	-2	-0.9	0.87	-0.36	1.08	1.95	0.73	-0.67	-0.42	1.13	0.99	0.218	0.562	-0.024	0.018	0.106	0.023	-0.177	0.041	0.28	-0.021	98	-1.1849793963904005	3.1284966810221753	-5.489986654329762
G	I	-4	-0.9	0.87	-0.36	1.08	1.95	0.59	0.79	1.44	-1.9	-0.93	0.218	0.562	-0.024	0.018	0.106	-0.353	0.071	-0.088	-0.195	-0.107	135	9.485167079515858	-7.5416497948836865	-4.572040079513445
G	K	-2	-0.9	0.87	-0.36	1.08	1.95	-0.64	-1.19	-0.65	0.68	-0.13	0.218	0.562	-0.024	0.018	0.106	0.243	-0.339	-0.044	-0.325	-0.027	127	-7.0414533349818385	8.984970619613396	-6.049028993575998
G	L	-4	-0.9	0.87	-0.36	1.08	1.95	0.65	0.84	1.25	-0.99	-1.9	0.218	0.562	-0.024	0.018	0.106	-0.267	0.018	-0.265	-0.274	0.206	138	8.251432942487511	-6.307915657855381	-4.605470945765552
G	M	-3	-0.9	0.87	-0.36	1.08	1.95	0.76	0.05	0.06	-0.62	-1.59	0.218	0.562	-0.024	0.018	0.106	-0.239	-0.141	-0.155	0.321	0.077	127	6.383487491887225	-4.439970207255171	-4.1688851760050385
G	N	0	-0.9	0.87	-0.36	1.08	1.95	-0.7	-0.63	-1.47	1.02	1.06	0.218	0.562	-0.024	0.018	0.106	0.255	0.038	0.117	0.118	-0.055	80	-4.6627597941493875	6.606277078781017	-4.041283757274113
G	P	-2	-0.9	0.87	-0.36	1.08	1.95	-1.82	-0.63	0.32	0.03	0.68	0.218	0.562	-0.024	0.018	0.106	0.173	0.286	0.407	-0.215	0.384	42	-0.554229667538213	2.497746952170007	-4.686734558043463
G	Q	-2	-0.9	0.87	-0.36	1.08	1.95	-0.05	-1.5	-0.67	0.49	0.21	0.218	0.562	-0.024	0.018	0.106	0.149	-0.184	-0.03	0.035	-0.112	87	-4.9916964036909235	6.93521368832255	-4.274587763484389
G	R	-2	-0.9	0.87	-0.36	1.08	1.95	-0.4	-0.83	-0.61	1.26	-0.28	0.218	0.562	-0.024	0.018	0.106	0.171	-0.361	0.107	-0.258	-0.364	125	-7.7795593048956855	9.723076589527233	-8.183526040899617
G	S	0	-0.9	0.87	-0.36	1.08	1.95	-0.39	-0.27	-1.51	-0.25	0.31	0.218	0.562	-0.024	0.018	0.106	0.199	0.238	-0.015	-0.068	-0.196	56	-2.064118822109966	4.007636106741682	-1.9195914368780573
G	T	-2	-0.9	0.87	-0.36	1.08	1.95	-0.04	-0.3	-0.82	-1.02	-0.04	0.218	0.562	-0.024	0.018	0.106	0.068	0.147	-0.015	-0.132	-0.274	59	-0.7566570105744963	2.7001742952062684	-2.4334769601065953
G	V	-3	-0.9	0.87	-0.36	1.08	1.95	-0.02	0.3	0.97	-1.55	-1.16	0.218	0.562	-0.024	0.018	0.106	-0.274	0.136	-0.187	-0.196	-0.299	109	7.551725991979433	-5.608208707347342	-3.339168298082023
G	W	-2	-0.9	0.87	-0.36	1.08	1.95	1.38	1.69	1.91	1.07	-0.05	0.218	0.562	-0.024	0.018	0.106	-0.296	-0.186	0.389	0.083	0.297	184	7.374499734630418	-5.4309824499982975	-8.354773434876895
G	Y	-3	-0.9	0.87	-0.36	1.08	1.95	1.75	0.11	0.65	0.21	-0.41	0.218	0.562	-0.024	0.018	0.106	-0.141	-0.057	0.425	-0.096	-0.091	147	3.290216650224148	-1.34669936559219	-7.710715856880559
H	A	-2	0.73	-0.67	-0.42	1.13	0.99	-0.57	0.39	-0.96	-0.61	-0.69	0.023	-0.177	0.041	0.28	-0.021	0.008	0.134	-0.475	-0.039	0.181	86	2.9053620112174436	1.4081140661950373	4.074646666338009
H	C	-3	0.73	-0.67	-0.42	1.13	0.99	0.07	2.04	0.65	-1.13	-0.39	0.023	-0.177	0.041	0.28	-0.021	-0.132	0.174	0.07	0.565	-0.374	174	8.682688925386367	-4.369212847973654	2.7027066497952634
H	D	-1	0.73	-0.67	-0.42	1.13	0.99	-1.62	-0.52	-0.67	1.02	1.47	0.023	-0.177	0.041	0.28	-0.021	0.303	-0.057	-0.014	0.225	0.156	81	-4.8366278118597315	9.150103889271938	1.1306742229502997
H	E	0	0.73	-0.67	-0.42	1.13	0.99	-0.64	-1.59	-0.39	0.69	1.04	0.023	-0.177	0.041	0.28	-0.021	0.221	-0.28	-0.315	0.157	0.303	40	-4.671164986271236	8.984641063683451	0.9551748011429892
H	F	-1	0.73	-0.67	-0.42	1.13	0.99	1.87	1.04	1.28	-0.61	-0.16	0.023	-0.177	0.041	0.28	-0.021	-0.329	-0.023	0.072	-0.002	0.208	100	9.978735533402752	-5.665259455989974	-1.0587602154142997
H	G	-2	0.73	-0.67	-0.42	1.13	0.99	-0.9	0.87	-0.36	1.08	1.95	0.023	-0.177	0.041	0.28	-0.021	0.218	0.562	-0.024	0.018	0.106	98	1.1849793963902782	3.1284966810221277	5.489986654329811
H	I	-3	0.73	-0.67	-0.42	1.13	0.99	0.59	0.79	1.44	-1.9	-0.93	0.023	-0.177	0.041	0.28	-0.021	-0.353	0.071	-0.088	-0.195	-0.107	94	10.670146475906176	-6.356670398493385	0.9179465748163586
H	K	-1	0.73	-0.67	-0.42	1.13	0.99	-0.64	-1.19	-0.65	0.68	-0.13	0.023	-0.177	0.041	0.28	-0.021	0.243	-0.339	-0.044	-0.325	-0.027	32	-5.856473938591519	10.1699500160037	-0.5590423392462031
H	L	-3	0.73	-0.67	-0.42	1.13	0.99	0.65	0.84	1.25	-0.99	-1.9	0.023	-0.177	0.041	0.28	-0.021	-0.267	0.018	-0.265	-0.274	0.206	99	9.43641233887783	-5.12293626146508	0.8845157085642492
H	M	-2	0.73	-0.67	-0.42	1.13	0.99	0.76	0.05	0.06	-0.62	-1.59	0.023	-0.177	0.041	0.28	-0.021	-0.239	-0.141	-0.155	0.321	0.077	87	7.5684668882775465	-3.2549908108648666	1.3211014783247572
H	N	1	0.73	-0.67	-0.42	1.13	0.99	-0.7	-0.63	-1.47	1.02	1.06	0.023	-0.177	0.041	0.28	-0.021	0.255	0.038	0.117	0.118	-0.055	68	-3.4777803977590658	7.79125647517132	1.448702897055683
H	P	-2	0.73	-0.67	-0.42	1.13	0.99	-1.82	-0.63	0.32	0.03	0.68	0.023	-0.177	0.041	0.28	-0.021	0.173	0.286	0.407	-0.215	0.384	77	0.6307497288521056	3.6827263485603092	0.8032520962863318
H	Q	0	0.73	-0.67	-0.42	1.13	0.99	-0.05	-1.5	-0.67	0.49	0.21	0.023	-0.177	0.041	0.28	-0.021	0.149	-0.184	-0.03	0.035	-0.112	24	-3.806717007300605	8.12019308471285	1.2153988908454139
H	R	0	0.73	-0.67	-0.42	1.13	0.99	-0.4	-0.83	-0.61	1.26	-0.28	0.023	-0.177	0.041	0.28	-0.021	0.171	-0.361	0.107	-0.258	-0.364	29	-6.594579908505366	10.908055985917537	-2.693539386569815
H	S	-1	0.73	-0.67	-0.42	1.13	0.99	-0.39	-0.27	-1.51	-0.25	0.31	0.023	-0.177	0.041	0.28	-0.021	0.199	0.238	-0.015	-0.068	-0.196	89	-0.8791394257196475	5.192615503131987	3.570395217451741
H	T	-2	0.73	-0.67	-0.42	1.13	0.99	-0.04	-0.3	-0.82	-1.02	-0.04	0.023	-0.177	0.041	0.28	-0.021	0.068	0.147	-0.015	-0.132	-0.274	47	0.42832238581582277	3.88515369159657	3.056509694223205
H	V	-3	0.73	-0.67	-0.42	1.13	0.99	-0.02	0.3	0.97	-1.55	-1.16	0.023	-0.177	0.041	0.28	-0.021	-0.274	0.136	-0.187	-0.196	-0.299	84	8.736705388369751	-4.423229310957042	2.1508183562477754
H	W	-2	0.73	-0.67	-0.42	1.13	0.99	1.38	1.69	1.91	1.07	-0.05	0.023	-0.177	0.041	0.28	-0.021	-0.296	-0.186	0.389	0.083	0.297	115	8.559479131020735	-4.246003053607996	-2.864786780547098
H	Y	2	0.73	-0.67	-0.42	1.13	0.99	1.75	0.11	0.65	0.21	-0.41	0.023	-0.177	0.041	0.28	-0.021	-0.141	-0.057	0.425	-0.096	-0.091	83	4.475196046614467	-0.16171996920188825	-2.220729202550758
I	A	-1	0.59	0.79	1.44	-1.9	-0.93	-0.57	0.39	-0.96	-0.61	-0.69	-0.353	0.071	-0.088	-0.195	-0.107	0.008	0.134	-0.475	-0.039	0.181	94	-7.7647844646884066	-9.262032409711209	3.156700091521516
I	C	-1	0.59	0.79	1.44	-1.9	-0.93	0.07	2.04	0.65	-1.13	-0.39	-0.353	0.071	-0.088	-0.195	-0.107	-0.132	0.174	0.07	0.565	-0.374	198	-1.987457550519483	-15.039359323879896	1.7847600749787704
I	D	-3	0.59	0.79	1.44	-1.9	-0.93	-1.62	-0.52	-0.67	1.02	1.47	-0.353	0.071	-0.088	-0.195	-0.107	0.303	-0.057	-0.014	0.225	0.156	168	-15.506774287765573	-1.5200425866343026	0.2127276481338064
I	E	-3	0.59	0.79	1.44	-1.9	-0.93	-0.64	-1.59	-0.39	0.69	1.04	-0.353	0.071	-0.088	-0.195	-0.107	0.221	-0.28	-0.315	0.157	0.303	134	-15.341311462177083	-1.6855054122227924	0.037228226326495265
I	F	0	0.59	0.79	1.44	-1.9	-0.93	1.87	1.04	1.28	-0.61	-0.16	-0.353	0.071	-0.088	-0.195	-0.107	-0.329	-0.023	0.072	-0.002	0.208	21	-0.6914109425030944	-16.335405931896208	-1.9767067902307933
I	G	-4	0.59	0.79	1.44	-1.9	-0.93	-0.9	0.87	-0.36	1.08	1.95	-0.353	0.071	-0.088	-0.195	-0.107	0.218	0.562	-0.024	0.018	0.106	135	-9.485167079515568	-7.541649794884109	4.572040079513319
I	H	-3	0.59	0.79	1.44	-1.9	-0.93	0.73	-0.67	-0.42	1.13	0.99	-0.353	0.071	-0.088	-0.195	-0.107	0.023	-0.177	0.041	0.28	-0.021	94	-10.670146475905936	-6.356670398493765	-0.9179465748164582
I	K	-3	0.59	0.79	1.44	-1.9	-0.93	-0.64	-1.19	-0.65	0.68	-0.13	-0.353	0.071	-0.088	-0.195	-0.107	0.243	-0.339	-0.044	-0.325	-0.027	102	-16.526620414497355	-0.5001964599025499	-1.4769889140626964
I	L	2	0.59	0.79	1.44	-1.9	-0.93	0.65	0.84	1.25	-0.99	-1.9	-0.353	0.071	-0.088	-0.195	-0.107	-0.267	0.018	-0.265	-0.274	0.206	5	-1.233734137028018	-15.793082737371316	-0.0334308662522431
I	M	1	0.59	0.79	1.44	-1.9	-0.93	0.76	0.05	0.06	-0.62	-1.59	-0.353	0.071	-0.088	-0.195	-0.107	-0.239	-0.141	-0.155	0.321	0.077	10	-3.1016795876283054	-13.92513728677112	0.40315490350826405
I	N	-3	0.59	0.79	1.44	-1.9	-0.93	-0.7	-0.63	-1.47	1.02	1.06	-0.353	0.071	-0.088	-0.195	-0.107	0.255	0.038	0.117	0.118	-0.055	149	-14.147926873664927	-2.878890000734921	0.5307563222391893
I	P	-3	0.59	0.79	1.44	-1.9	-0.93	-1.82	-0.63	0.32	0.03	0.68	-0.353	0.071	-0.088	-0.195	-0.107	0.173	0.286	0.407	-0.215	0.384	95	-10.039396747053738	-6.987420127345932	-0.11469447853016079
I	Q	-3	0.59	0.79	1.44	-1.9	-0.93	-0.05	-1.5	-0.67	0.49	0.21	-0.353	0.071	-0.088	-0.195	-0.107	0.149	-0.184	-0.03	0.035	-0.112	109	-14.47686348320646	-2.5499533911933847	0.29745231602892064
I	R	-3	0.59	0.79	1.44	-1.9	-0.93	-0.4	-0.83	-0.61	1.26	-0.28	-0.353	0.071	-0.088	-0.195	-0.107	0.171	-0.361	0.107	-0.258	-0.364	97	-17.264726384411212	0.23790951001128754	-3.6114859613863097
I	S	-2	0.59	0.79	1.44	-1.9	-0.93	-0.39	-0.27	-1.51	-0.25	0.31	-0.353	0.071	-0.088	-0.195	-0.107	0.199	0.238	-0.015	-0.068	-0.196	142	-11.549285901625495	-5.477530972774253	2.6524486426352483
I	T	-1	0.59	0.79	1.44	-1.9	-0.93	-0.04	-0.3	-0.82	-1.02	-0.04	-0.353	0.071	-0.088	-0.195	-0.107	0.068	0.147	-0.015	-0.132	-0.274	89	-10.241824090090036	-6.784992784309678	2.13856311940671
I	V	3	0.59	0.79	1.44	-1.9	-0.93	-0.02	0.3	0.97	-1.55	-1.16	-0.353	0.071	-0.088	-0.195	-0.107	-0.274	0.136	-0.187	-0.196	-0.299	29	-1.9334410875360946	-15.093375786863273	1.2328717814312837
I	W	-3	0.59	0.79	1.44	-1.9	-0.93	1.38	1.69	1.91	1.07	-0.05	-0.353	0.071	-0.088	-0.195	-0.107	-0.296	-0.186	0.389	0.083	0.297	61	-2.1106673448851136	-14.91614952951423	-3.782733355363591
I	Y	-1	0.59	0.79	1.44	-1.9	-0.93	1.75	0.11	0.65	0.21	-0.41	-0.353	0.071	-0.088	-0.195	-0.107	-0.141	-0.057	0.425	-0.096	-0.091	33	-6.194950429291384	-10.83186644510813	-3.1386757773672525
K	A	-1	-0.64	-1.19	-0.65	0.68	-0.13	-0.57	0.39	-0.96	-0.61	-0.69	0.243	-0.339	-0.044	-0.325	-0.027	0.008	0.134	-0.475	-0.039	0.181	106	8.761835949808658	7.26458800478647	4.633689005584342
K	C	-3	-0.64	-1.19	-0.65	0.68	-0.13	0.07	2.04	0.65	-1.13	-0.39	0.243	-0.339	-0.044	-0.325	-0.027	-0.132	0.174	0.07	0.565	-0.374	202	14.539162863977579	1.4872610906177748	3.261748989041597
K	D	-1	-0.64	-1.19	-0.65	0.68	-0.13	-1.62	-0.52	-0.67	1.02	1.47	0.243	-0.339	-0.044	-0.325	-0.027	0.303	-0.057	-0.014	0.225	0.156	101	1.0198461267314796	15.006577827863374	1.6897165621966324
K	E	1	-0.64	-1.19	-0.65	0.68	-0.13	-0.64	-1.59	-0.39	0.69	1.04	0.243	-0.339	-0.044	-0.325	-0.027	0.221	-0.28	-0.315	0.157	0.303	56	1.1853089523199762	14.841115002274888	1.514217140389322
K	F	-3	-0.64	-1.19	-0.65	0.68	-0.13	1.87	1.04	1.28	-0.61	-0.16	0.243	-0.339	-0.044	-0.325	-0.027	-0.329	-0.023	0.072	-0.002	0.208	102	15.83520947199397	0.19121448260145285	-0.49971787616796604
K	G	-2	-0.64	-1.19	-0.65	0.68	-0.13	-0.9	0.87	-0.36	1.08	1.95	0.243	-0.339	-0.044	-0.325	-0.027	0.218	0.562	-0.024	0.018	0.106	127	7.041453334981493	8.984970619613557	6.049028993576146
K	H	-1	-0.64	-1.19	-0.65	0.68	-0.13	0.73	-0.67	-0.42	1.13	0.99	0.243	-0.339	-0.044	-0.325	-0.027	0.023	-0.177	0.041	0.28	-0.021	32	5.8564739385911295	10.169950016003904	0.5590423392463677
K	I	-3	-0.64	-1.19	-0.65	0.68	-0.13	0.59	0.79	1.44	-1.9	-0.93	0.243	-0.339	-0.044	-0.325	-0.027	-0.353	0.071	-0.088	-0.195	-0.107	102	16.526620414497383	-0.5001964599019568	1.4769889140626908
K	L	-2	-0.64	-1.19	-0.65	0.68	-0.13	0.65	0.84	1.25	-0.99	-1.9	0.243	-0.339	-0.044	-0.325	-0.027	-0.267	0.018	-0.265	-0.274	0.206	107	15.292886277469028	0.7335376771263477	1.443558047810583
K	M	-1	-0.64	-1.19	-0.65	0.68	-0.13	0.76	0.05	0.06	-0.62	-1.59	0.243	-0.339	-0.044	-0.325	-0.027	-0.239	-0.141	-0.155	0.321	0.077	95	13.424940826868756	2.601483127726561	1.8801438175710905
K	N	0	-0.64	-1.19	-0.65	0.68	-0.13	-0.7	-0.63	-1.47	1.02	1.06	0.243	-0.339	-0.044	-0.325	-0.027	0.255	0.038	0.117	0.118	-0.055	94	2.3786935408321463	13.647730413762748	2.007745236302017
K	P	-1	-0.64	-1.19	-0.65	0.68	-0.13	-1.82	-0.63	0.32	0.03	0.68	0.243	-0.339	-0.044	-0.325	-0.027	0.173	0.286	0.407	-0.215	0.384	103	6.4872236674433195	9.53920028715173	1.3622944355326656
K	Q	1	-0.64	-1.19	-0.65	0.68	-0.13	-0.05	-1.5	-0.67	0.49	0.21	0.243	-0.339	-0.044	-0.325	-0.027	0.149	-0.184	-0.03	0.035	-0.112	53	2.049756931290607	13.976667023304271	1.7744412300917471
K	R	2	-0.64	-1.19	-0.65	0.68	-0.13	-0.4	-0.83	-0.61	1.26	-0.28	0.243	-0.339	-0.044	-0.325	-0.027	0.171	-0.361	0.107	-0.258	-0.364	26	-0.7381059699141568	16.76452992450896	-2.134497047323482
K	S	0	-0.64	-1.19	-0.65	0.68	-0.13	-0.39	-0.27	-1.51	-0.25	0.31	0.243	-0.339	-0.044	-0.325	-0.027	0.199	0.238	-0.015	-0.068	-0.196	121	4.977334512871566	11.049089441723424	4.129437556698074
K	T	-1	-0.64	-1.19	-0.65	0.68	-0.13	-0.04	-0.3	-0.82	-1.02	-0.04	0.243	-0.339	-0.044	-0.325	-0.027	0.068	0.147	-0.015	-0.132	-0.274	78	6.284796324407035	9.741627630187999	3.615552033469538
K	V	-2	-0.64	-1.19	-0.65	0.68	-0.13	-0.02	0.3	0.97	-1.55	-1.16	0.243	-0.339	-0.044	-0.325	-0.027	-0.274	0.136	-0.187	-0.196	-0.299	97	14.593179326960973	1.4332446276343869	2.7098606954941076
K	W	-3	-0.64	-1.19	-0.65	0.68	-0.13	1.38	1.69	1.91	1.07	-0.05	0.243	-0.339	-0.044	-0.325	-0.027	-0.296	-0.186	0.389	0.083	0.297	110	14.415953069611957	1.6104708849834313	-2.305744441300766
K	Y	-2	-0.64	-1.19	-0.65	0.68	-0.13	1.75	0.11	0.65	0.21	-0.41	0.243	-0.339	-0.044	-0.325	-0.027	-0.141	-0.057	0.425	-0.096	-0.091	85	10.331669985205682	5.694753969389548	-1.6616868633044242
L	A	-1	0.65	0.84	1.25	-0.99	-1.9	-0.57	0.39	-0.96	-0.61	-0.69	-0.267	0.018	-0.265	-0.274	0.206	0.008	0.134	-0.475	-0.039	0.181	96	-6.5310503276601075	-8.028298272682855	3.190130957773643
L	C	-1	0.65	0.84	1.25	-0.99	-1.9	0.07	2.04	0.65	-1.13	-0.39	-0.267	0.018	-0.265	-0.274	0.206	-0.132	0.174	0.07	0.565	-0.374	198	-0.7537234134911818	-13.805625186851547	1.818190941230897
L	D	-4	0.65	0.84	1.25	-0.99	-1.9	-1.62	-0.52	-0.67	1.02	1.47	-0.267	0.018	-0.265	-0.274	0.206	0.303	-0.057	-0.014	0.225	0.156	172	-14.27304015073727	-0.2863084496059564	0.2461585143859329
L	E	-3	0.65	0.84	1.25	-0.99	-1.9	-0.64	-1.59	-0.39	0.69	1.04	-0.267	0.018	-0.265	-0.274	0.206	0.221	-0.28	-0.315	0.157	0.303	138	-14.10757732514878	-0.45177127519444743	0.07065909257862181
L	F	0	0.65	0.84	1.25	-0.99	-1.9	1.87	1.04	1.28	-0.61	-0.16	-0.267	0.018	-0.265	-0.274	0.206	-0.329	-0.023	0.072	-0.002	0.208	22	0.5423231945252094	-15.101671794867862	-1.9432759239786668
L	G	-4	0.65	0.84	1.25	-0.99	-1.9	-0.9	0.87	-0.36	1.08	1.95	-0.267	0.018	-0.265	-0.274	0.206	0.218	0.562	-0.024	0.018	0.106	138	-8.251432942487265	-6.307915657855764	4.605470945765446
L	H	-3	0.65	0.84	1.25	-0.99	-1.9	0.73	-0.67	-0.42	1.13	0.99	-0.267	0.018	-0.265	-0.274	0.206	0.023	-0.177	0.041	0.28	-0.021	99	-9.436412338877627	-5.122936261465413	-0.8845157085643317
L	I	2	0.65	0.84	1.25	-0.99	-1.9	0.59	0.79	1.44	-1.9	-0.93	-0.267	0.018	-0.265	-0.274	0.206	-0.353	0.071	-0.088	-0.195	-0.107	5	1.2337341370286325	-15.793082737371266	0.033430866251991646
L	K	-2	0.65	0.84	1.25	-0.99	-1.9	-0.64	-1.19	-0.65	0.68	-0.13	-0.267	0.018	-0.265	-0.274	0.206	0.243	-0.339	-0.044	-0.325	-0.027	107	-15.292886277469057	0.7335376771258009	-1.4435580478105698
L	M	2	0.65	0.84	1.25	-0.99	-1.9	0.76	0.05	0.06	-0.62	-1.59	-0.267	0.018	-0.265	-0.274	0.206	-0.239	-0.141	-0.155	0.321	0.077	15	-1.8679454506000028	-12.691403149742772	0.4365857697603906
L	N	-3	0.65	0.84	1.25	-0.99	-1.9	-0.7	-0.63	-1.47	1.02	1.06	-0.267	0.018	-0.265	-0.274	0.206	0.255	0.038	0.117	0.118	-0.055	153	-12.914192736636624	-1.6451558637065702	0.5641871884913159
L	P	-3	0.65	0.84	1.25	-0.99	-1.9	-1.82	-0.63	0.32	0.03	0.68	-0.267	0.018	-0.265	-0.274	0.206	0.173	0.286	0.407	-0.215	0.384	98	-8.805662610025436	-5.7536859903175825	-0.08126361227803408
L	Q	-2	0.65	0.84	1.25	-0.99	-1.9	-0.05	-1.5	-0.67	0.49	0.21	-0.267	0.018	-0.265	-0.274	0.206	0.149	-0.184	-0.03	0.035	-0.112	113	-13.243129346178158	-1.3162192541650397	0.3308831822810473
L	R	-2	0.65	0.84	1.25	-0.99	-1.9	-0.4	-0.83	-0.61	1.26	-0.28	-0.267	0.018	-0.265	-0.274	0.206	0.171	-0.361	0.107	-0.258	-0.364	102	-16.03099224738292	1.4716436470396381	-3.5780550951341836
L	S	-2	0.65	0.84	1.25	-0.99	-1.9	-0.39	-0.27	-1.51	-0.25	0.31	-0.267	0.018	-0.265	-0.274	0.206	0.199	0.238	-0.015	-0.068	-0.196	145	-10.315551764597192	-4.243796835745908	2.685879508887375
L	T	-1	0.65	0.84	1.25	-0.99	-1.9	-0.04	-0.3	-0.82	-1.02	-0.04	-0.267	0.018	-0.265	-0.274	0.206	0.068	0.147	-0.015	-0.132	-0.274	92	-9.008089953061733	-5.55125864728133	2.1719939856588364
L	V	1	0.65	0.84	1.25	-0.99	-1.9	-0.02	0.3	0.97	-1.55	-1.16	-0.267	0.018	-0.265	-0.274	0.206	-0.274	0.136	-0.187	-0.196	-0.299	32	-0.6997069505077929	-13.859641649834924	1.2663026476834107
L	W	-2	0.65	0.84	1.25	-0.99	-1.9	1.38	1.69	1.91	1.07	-0.05	-0.267	0.018	-0.265	-0.274	0.206	-0.296	-0.186	0.389	0.083	0.297	61	-0.8769332078568137	-13.68241539248588	-3.749302489111465
L	Y	-1	0.65	0.84	1.25	-0.99	-1.9	1.75	0.11	0.65	0.21	-0.41	-0.267	0.018	-0.265	-0.274	0.206	-0.141	-0.057	0.425	-0.096	-0.091	36	-4.961216292263079	-9.59813230807978	-3.1052449111151263
M	A	-1	0.76	0.05	0.06	-0.62	-1.59	-0.57	0.39	-0.96	-0.61	-0.69	-0.239	-0.141	-0.155	0.321	0.077	0.008	0.134	-0.475	-0.039	0.181	84	-4.663104877059898	-6.160352822082567	2.7535451880131663
M	C	-1	0.76	0.05	0.06	-0.62	-1.59	0.07	2.04	0.65	-1.13	-0.39	-0.239	-0.141	-0.155	0.321	0.077	-0.132	0.174	0.07	0.565	-0.374	196	1.1142220371090232	-11.937679736251264	1.3816051714704203
M	D	-3	0.76	0.05	0.06	-0.62	-1.59	-1.62	-0.52	-0.67	1.02	1.47	-0.239	-0.141	-0.155	0.321	0.077	0.303	-0.057	-0.014	0.225	0.156	160	-12.405094700137067	1.5816370009943292	-0.19042725537454375
M	E	-2	0.76	0.05	0.06	-0.62	-1.59	-0.64	-1.59	-0.39	0.69	1.04	-0.239	-0.141	-0.155	0.321	0.077	0.221	-0.28	-0.315	0.157	0.303	126	-12.239631874548575	1.4161741754058377	-0.36592667718185456
M	F	0	0.76	0.05	0.06	-0.62	-1.59	1.87	1.04	1.28	-0.61	-0.16	-0.239	-0.141	-0.155	0.321	0.077	-0.329	-0.023	0.072	-0.002	0.208	28	2.4102686451254187	-13.23372634426758	-2.3798616937391417
M	G	-3	0.76	0.05	0.06	-0.62	-1.59	-0.9	0.87	-0.36	1.08	1.95	-0.239	-0.141	-0.155	0.321	0.077	0.218	0.562	-0.024	0.018	0.106	127	-6.383487491887057	-4.43997020725548	4.168885176004969
M	H	-2	0.76	0.05	0.06	-0.62	-1.59	0.73	-0.67	-0.42	1.13	0.99	-0.239	-0.141	-0.155	0.321	0.077	0.023	-0.177	0.041	0.28	-0.021	87	-7.56846688827742	-3.2549908108651304	-1.321101478324808
M	I	1	0.76	0.05	0.06	-0.62	-1.59	0.59	0.79	1.44	-1.9	-0.93	-0.239	-0.141	-0.155	0.321	0.077	-0.353	0.071	-0.088	-0.195	-0.107	10	3.101679587628838	-13.925137286770983	-0.40315490350848493
M	K	-1	0.76	0.05	0.06	-0.62	-1.59	-0.64	-1.19	-0.65	0.68	-0.13	-0.239	-0.141	-0.155	0.321	0.077	0.243	-0.339	-0.044	-0.325	-0.027	95	-13.42494082686885	2.6014831277260853	-1.8801438175710465
M	L	2	0.76	0.05	0.06	-0.62	-1.59	0.65	0.84	1.25	-0.99	-1.9	-0.239	-0.141	-0.155	0.321	0.077	-0.267	0.018	-0.265	-0.274	0.206	15	1.8679454506004882	-12.691403149742687	-0.43658576976059327
M	N	-2	0.76	0.05	0.06	-0.62	-1.59	-0.7	-0.63	-1.47	1.02	1.06	-0.239	-0.141	-0.155	0.321	0.077	0.255	0.038	0.117	0.118	-0.055	142	-11.046247286036412	0.22278958689371087	0.1276014187308393
M	P	-2	0.76	0.05	0.06	-0.62	-1.59	-1.82	-0.63	0.32	0.03	0.68	-0.239	-0.141	-0.155	0.321	0.077	0.173	0.286	0.407	-0.215	0.384	87	-6.9377171594252305	-3.885740539717298	-0.5178493820385102
M	Q	0	0.76	0.05	0.06	-0.62	-1.59	-0.05	-1.5	-0.67	0.49	0.21	-0.239	-0.141	-0.155	0.321	0.077	0.149	-0.184	-0.03	0.035	-0.112	101	-11.375183895577948	0.5517261964352458	-0.10570258747942915
M	R	-1	0.76	0.05	0.06	-0.62	-1.59	-0.4	-0.83	-0.61	1.26	-0.28	-0.239	-0.141	-0.155	0.321	0.077	0.171	-0.361	0.107	-0.258	-0.364	91	-14.163046796782716	3.3395890976399207	-4.01464086489466
M	S	-1	0.76	0.05	0.06	-0.62	-1.59	-0.39	-0.27	-1.51	-0.25	0.31	-0.239	-0.141	-0.155	0.321	0.077	0.199	0.238	-0.015	-0.068	-0.196	135	-8.447606313996983	-2.3758513851456247	2.2492937391268972
M	T	-1	0.76	0.05	0.06	-0.62	-1.59	-0.04	-0.3	-0.82	-1.02	-0.04	-0.239	-0.141	-0.155	0.321	0.077	0.068	0.147	-0.015	-0.132	-0.274	81	-7.140144502461515	-3.68331319668104	1.7354082158983601
M	V	1	0.76	0.05	0.06	-0.62	-1.59	-0.02	0.3	0.97	-1.55	-1.16	-0.239	-0.141	-0.155	0.321	0.077	-0.274	0.136	-0.187	-0.196	-0.299	21	1.1682385000924163	-11.991696199234646	0.8297168779229338
M	W	-1	0.76	0.05	0.06	-0.62	-1.59	1.38	1.69	1.91	1.07	-0.05	-0.239	-0.141	-0.155	0.321	0.077	-0.296	-0.186	0.389	0.083	0.297	67	0.9910122427433949	-11.8144699418856	-4.185888258871943
M	Y	-1	0.76	0.05	0.06	-0.62	-1.59	1.75	0.11	0.65	0.21	-0.41	-0.239	-0.141	-0.155	0.321	0.077	-0.141	-0.057	0.425	-0.096	-0.091	36	-3.093270841662871	-7.730186857479489	-3.541830680875602
N	A	-2	-0.7	-0.63	-1.47	1.02	1.06	-0.57	0.39	-0.96	-0.61	-0.69	0.255	0.038	0.117	0.118	-0.055	0.008	0.134	-0.475	-0.039	0.181	111	6.383142408976293	4.885894463954038	2.625943769282415
N	C	-3	-0.7	-0.63	-1.47	1.02	1.06	0.07	2.04	0.65	-1.13	-0.39	0.255	0.038	0.117	0.118	-0.055	-0.132	0.174	0.07	0.565	-0.374	139	12.16046932314522	-0.8914324502146548	1.2540037527396697
N	D	1	-0.7	-0.63	-1.47	1.02	1.06	-1.62	-0.52	-0.67	1.02	1.47	0.255	0.038	0.117	0.118	-0.055	0.303	-0.057	-0.014	0.225	0.156	23	-1.358847414100879	12.627884287030934	-0.3180286741052943
N	E	0	-0.7	-0.63	-1.47	1.02	1.06	-0.64	-1.59	-0.39	0.69	1.04	0.255	0.038	0.117	0.118	-0.055	0.221	-0.28	-0.315	0.157	0.303	42	-1.1933845885123835	12.462421461442448	-0.49352809591260505
N	F	-3	-0.7	-0.63	-1.47	1.02	1.06	1.87	1.04	1.28	-0.61	-0.16	0.255	0.038	0.117	0.118	-0.055	-0.329	-0.023	0.072	-0.002	0.208	158	13.45651593116161	-2.187479058230979	-2.507463112469892
N	G	0	-0.7	-0.63	-1.47	1.02	1.06	-0.9	0.87	-0.36	1.08	1.95	0.255	0.038	0.117	0.118	-0.055	0.218	0.562	-0.024	0.018	0.106	80	4.662759794149134	6.606277078781125	4.0412837572742175
N	H	1	-0.7	-0.63	-1.47	1.02	1.06	0.73	-0.67	-0.42	1.13	0.99	0.255	0.038	0.117	0.118	-0.055	0.023	-0.177	0.041	0.28	-0.021	68	3.477780397758769	7.791256475171476	-1.4487028970555584
N	I	-3	-0.7	-0.63	-1.47	1.02	1.06	0.59	0.79	1.44	-1.9	-0.93	0.255	0.038	0.117	0.118	-0.055	-0.353	0.071	-0.088	-0.195	-0.107	149	14.147926873665028	-2.8788900007343843	-0.5307563222392352
N	K	0	-0.7	-0.63	-1.47	1.02	1.06	-0.64	-1.19	-0.65	0.68	-0.13	0.255	0.038	0.117	0.118	-0.055	0.243	-0.339	-0.044	-0.325	-0.027	94	-2.378693540832661	13.647730413762696	-2.0077452363017967
N	L	-3	-0.7	-0.63	-1.47	1.02	1.06	0.65	0.84	1.25	-0.99	-1.9	0.255	0.038	0.117	0.118	-0.055	-0.267	0.018	-0.265	-0.274	0.206	153	12.91419273663668	-1.6451558637060806	-0.5641871884913434
N	M	-2	-0.7	-0.63	-1.47	1.02	1.06	0.76	0.05	0.06	-0.62	-1.59	0.255	0.038	0.117	0.118	-0.055	-0.239	-0.141	-0.155	0.321	0.077	142	11.046247286036392	0.22278958689412864	-0.1276014187308367
N	P	-2	-0.7	-0.63	-1.47	1.02	1.06	-1.82	-0.63	0.32	0.03	0.68	0.255	0.038	0.117	0.118	-0.055	0.173	0.286	0.407	-0.215	0.384	91	4.108530126610961	7.160506746319306	-0.6454508007692606
N	Q	0	-0.7	-0.63	-1.47	1.02	1.06	-0.05	-1.5	-0.67	0.49	0.21	0.255	0.038	0.117	0.118	-0.055	0.149	-0.184	-0.03	0.035	-0.112	46	-0.3289366095417537	11.597973482471843	-0.23330400621017938
N	R	0	-0.7	-0.63	-1.47	1.02	1.06	-0.4	-0.83	-0.61	1.26	-0.28	0.255	0.038	0.117	0.118	-0.055	0.171	-0.361	0.107	-0.258	-0.364	86	-3.1167995107465143	14.385836383676535	-4.14224228362541
N	S	1	-0.7	-0.63	-1.47	1.02	1.06	-0.39	-0.27	-1.51	-0.25	0.31	0.255	0.038	0.117	0.118	-0.055	0.199	0.238	-0.015	-0.068	-0.196	46	2.5986409720392074	8.670395900890984	2.121692320396147
N	T	0	-0.7	-0.63	-1.47	1.02	1.06	-0.04	-0.3	-0.82	-1.02	-0.04	0.255	0.038	0.117	0.118	-0.055	0.068	0.147	-0.015	-0.132	-0.274	65	3.906102783574676	7.36293408935556	1.6078067971676098
N	V	-3	-0.7	-0.63	-1.47	1.02	1.06	-0.02	0.3	0.97	-1.55	-1.16	0.255	0.038	0.117	0.118	-0.055	-0.274	0.136	-0.187	-0.196	-0.299	133	12.214485786128616	-0.9454489131980421	0.7021154591921834
N	W	-4	-0.7	-0.63	-1.47	1.02	1.06	1.38	1.69	1.91	1.07	-0.05	0.255	0.038	0.117	0.118	-0.055	-0.296	-0.186	0.389	0.083	0.297	174	12.03725952877959	-0.7682226558489971	-4.313489677602694
N	Y	-2	-0.7	-0.63	-1.47	1.02	1.06	1.75	0.11	0.65	0.21	-0.41	0.255	0.038	0.117	0.118	-0.055	-0.141	-0.057	0.425	-0.096	-0.091	143	7.952976444373322	3.3160604285571122	-3.669432099606352
P	A	-1	-1.82	-0.63	0.32	0.03	0.68	-0.57	0.39	-0.96	-0.61	-0.69	0.173	0.286	0.407	-0.215	0.384	0.008	0.134	-0.475	-0.039	0.181	27	2.274612282365281	0.777364337342859	3.2713945700516978
P	C	-3	-1.82	-0.63	0.32	0.03	0.68	0.07	2.04	0.65	-1.13	-0.39	0.173	0.286	0.407	-0.215	0.384	-0.132	0.174	0.07	0.565	-0.374	169	8.0519391965342	-4.999962576825831	1.8994545535089518
P	D	-1	-1.82	-0.63	0.32	0.03	0.68	-1.62	-0.52	-0.67	1.02	1.47	0.173	0.286	0.407	-0.215	0.384	0.303	-0.057	-0.014	0.225	0.156	108	-5.467377540711895	8.51935416041976	0.3274221266639878
P	E	-1	-1.82	-0.63	0.32	0.03	0.68	-0.64	-1.59	-0.39	0.69	1.04	0.173	0.286	0.407	-0.215	0.384	0.221	-0.28	-0.315	0.157	0.303	93	-5.301914715123398	8.353891334831275	0.15192270485667678
P	F	-4	-1.82	-0.63	0.32	0.03	0.68	1.87	1.04	1.28	-0.61	-0.16	0.173	0.286	0.407	-0.215	0.384	-0.329	-0.023	0.072	-0.002	0.208	114	9.347985804550593	-6.296009184842154	-1.8620123117006113
P	G	-2	-1.82	-0.63	0.32	0.03	0.68	-0.9	0.87	-0.36	1.08	1.95	0.173	0.286	0.407	-0.215	0.384	0.218	0.562	-0.024	0.018	0.106	42	0.5542296675381163	2.4977469521699502	4.686734558043501
P	H	-2	-1.82	-0.63	0.32	0.03	0.68	0.73	-0.67	-0.42	1.13	0.99	0.173	0.286	0.407	-0.215	0.384	0.023	-0.177	0.041	0.28	-0.021	77	-0.6307497288522446	3.6827263485602986	-0.8032520962862768
P	I	-3	-1.82	-0.63	0.32	0.03	0.68	0.59	0.79	1.44	-1.9	-0.93	0.173	0.286	0.407	-0.215	0.384	-0.353	0.071	-0.088	-0.195	-0.107	95	10.039396747054012	-6.987420127345563	0.11469447853004669
P	K	-1	-1.82	-0.63	0.32	0.03	0.68	-0.64	-1.19	-0.65	0.68	-0.13	0.173	0.286	0.407	-0.215	0.384	0.243	-0.339	-0.044	-0.325	-0.027	103	-6.487223667443682	9.539200287151521	-1.3622944355325146
P	L	-3	-1.82	-0.63	0.32	0.03	0.68	0.65	0.84	1.25	-0.99	-1.9	0.173	0.286	0.407	-0.215	0.384	-0.267	0.018	-0.265	-0.274	0.206	98	8.805662610025665	-5.7536859903172575	0.08126361227793838
P	M	-2	-1.82	-0.63	0.32	0.03	0.68	0.76	0.05	0.06	-0.62	-1.59	0.173	0.286	0.407	-0.215	0.384	-0.239	-0.141	-0.155	0.321	0.077	87	6.937717159425384	-3.885740539717046	0.5178493820384455
P	N	-2	-1.82	-0.63	0.32	0.03	0.68	-0.7	-0.63	-1.47	1.02	1.06	0.173	0.286	0.407	-0.215	0.384	0.255	0.038	0.117	0.118	-0.055	91	-4.108530126611229	7.1605067463191405	0.6454508007693704
P	Q	-1	-1.82	-0.63	0.32	0.03	0.68	-0.05	-1.5	-0.67	0.49	0.21	0.173	0.286	0.407	-0.215	0.384	0.149	-0.184	-0.03	0.035	-0.112	76	-4.437466736152769	7.489443355860672	0.41214679455910214
P	R	-2	-1.82	-0.63	0.32	0.03	0.68	-0.4	-0.83	-0.61	1.26	-0.28	0.173	0.286	0.407	-0.215	0.384	0.171	-0.361	0.107	-0.258	-0.364	103	-7.225329637357527	10.277306257065355	-3.496791482856128
P	S	-1	-1.82	-0.63	0.32	0.03	0.68	-0.39	-0.27	-1.51	-0.25	0.31	0.173	0.286	0.407	-0.215	0.384	0.199	0.238	-0.015	-0.068	-0.196	74	-1.5098891545718103	4.561865774279807	2.76714312116543
P	T	-1	-1.82	-0.63	0.32	0.03	0.68	-0.04	-0.3	-0.82	-1.02	-0.04	0.173	0.286	0.407	-0.215	0.384	0.068	0.147	-0.015	-0.132	-0.274	38	-0.2024273430363403	3.254403962744393	2.2532575979368916
P	V	-2	-1.82	-0.63	0.32	0.03	0.68	-0.02	0.3	0.97	-1.55	-1.16	0.173	0.286	0.407	-0.215	0.384	-0.274	0.136	-0.187	-0.196	-0.299	68	8.10595565951759	-5.053979039809218	1.3475662599614655
P	W	-4	-1.82	-0.63	0.32	0.03	0.68	1.38	1.69	1.91	1.07	-0.05	0.173	0.286	0.407	-0.215	0.384	-0.296	-0.186	0.389	0.083	0.297	147	7.9287294021685755	-4.876752782460174	-3.668038876833409
P	Y	-3	-1.82	-0.63	0.32	0.03	0.68	1.75	0.11	0.65	0.21	-0.41	0.173	0.286	0.407	-0.215	0.384	-0.141	-0.057	0.425	-0.096	-0.091	110	3.8444463177623054	-0.7924696980540668	-3.0239812988370707
Q	A	-1	-0.05	-1.5	-0.67	0.49	0.21	-0.57	0.39	-0.96	-0.61	-0.69	0.149	-0.184	-0.03	0.035	-0.112	0.008	0.134	-0.475	-0.039	0.181	91	6.712079018517815	5.214831073495578	2.85924777549269
Q	C	-3	-0.05	-1.5	-0.67	0.49	0.21	0.07	2.04	0.65	-1.13	-0.39	0.149	-0.184	-0.03	0.035	-0.112	-0.132	0.174	0.07	0.565	-0.374	154	12.489405932686742	-0.5624958406731153	1.4873077589499442
Q	D	0	-0.05	-1.5	-0.67	0.49	0.21	-1.62	-0.52	-0.67	1.02	1.47	0.149	-0.184	-0.03	0.035	-0.112	0.303	-0.057	-0.014	0.225	0.156	61	-1.0299108045593555	12.956820896572474	-0.08472466789501938
Q	E	2	-0.05	-1.5	-0.67	0.49	0.21	-0.64	-1.59	-0.39	0.69	1.04	0.149	-0.184	-0.03	0.035	-0.112	0.221	-0.28	-0.315	0.157	0.303	29	-0.8644479789708608	12.791358070983986	-0.26022408970233063
Q	F	-3	-0.05	-1.5	-0.67	0.49	0.21	1.87	1.04	1.28	-0.61	-0.16	0.149	-0.184	-0.03	0.035	-0.112	-0.329	-0.023	0.072	-0.002	0.208	116	13.785452540703133	-1.85854244868944	-2.2741591062596176
Q	G	-2	-0.05	-1.5	-0.67	0.49	0.21	-0.9	0.87	-0.36	1.08	1.95	0.149	-0.184	-0.03	0.035	-0.112	0.218	0.562	-0.024	0.018	0.106	87	4.991696403690656	6.935213688322664	4.274587763484493
Q	H	0	-0.05	-1.5	-0.67	0.49	0.21	0.73	-0.67	-0.42	1.13	0.99	0.149	-0.184	-0.03	0.035	-0.112	0.023	-0.177	0.041	0.28	-0.021	24	3.8067170073002923	8.120193084713014	-1.2153988908452844
Q	I	-3	-0.05	-1.5	-0.67	0.49	0.21	0.59	0.79	1.44	-1.9	-0.93	0.149	-0.184	-0.03	0.035	-0.112	-0.353	0.071	-0.088	-0.195	-0.107	109	14.47686348320655	-2.5499533911928465	-0.2974523160289606
Q	K	1	-0.05	-1.5	-0.67	0.49	0.21	-0.64	-1.19	-0.65	0.68	-0.13	0.149	-0.184	-0.03	0.035	-0.112	0.243	-0.339	-0.044	-0.325	-0.027	53	-2.04975693129114	13.976667023304236	-1.7744412300915224
Q	L	-2	-0.05	-1.5	-0.67	0.49	0.21	0.65	0.84	1.25	-0.99	-1.9	0.149	-0.184	-0.03	0.035	-0.112	-0.267	0.018	-0.265	-0.274	0.206	113	13.2431293461782	-1.3162192541645423	-0.3308831822810692
Q	M	0	-0.05	-1.5	-0.67	0.49	0.21	0.76	0.05	0.06	-0.62	-1.59	0.149	-0.184	-0.03	0.035	-0.112	-0.239	-0.141	-0.155	0.321	0.077	101	11.375183895577914	0.5517261964356688	0.10570258747943824
Q	N	0	-0.05	-1.5	-0.67	0.49	0.21	-0.7	-0.63	-1.47	1.02	1.06	0.149	-0.184	-0.03	0.035	-0.112	0.255	0.038	0.117	0.118	-0.055	46	0.3289366095413114	11.597973482471854	0.2333040062103633
Q	P	-1	-0.05	-1.5	-0.67	0.49	0.21	-1.82	-0.63	0.32	0.03	0.68	0.149	-0.184	-0.03	0.035	-0.112	0.173	0.286	0.407	-0.215	0.384	76	4.437466736152483	7.489443355860845	-0.4121467945589864
Q	R	1	-0.05	-1.5	-0.67	0.49	0.21	-0.4	-0.83	-0.61	1.26	-0.28	0.149	-0.184	-0.03	0.035	-0.112	0.171	-0.361	0.107	-0.258	-0.364	43	-2.7878629012049934	14.714772993218075	-3.9089382774151358
Q	S	0	-0.05	-1.5	-0.67	0.49	0.21	-0.39	-0.27	-1.51	-0.25	0.31	0.149	-0.184	-0.03	0.035	-0.112	0.199	0.238	-0.015	-0.068	-0.196	68	2.92757758158073	8.999332510432522	2.354996326606422
Q	T	-1	-0.05	-1.5	-0.67	0.49	0.21	-0.04	-0.3	-0.82	-1.02	-0.04	0.149	-0.184	-0.03	0.035	-0.112	0.068	0.147	-0.015	-0.132	-0.274	42	4.235039393116198	7.691870698897098	1.8411108033778842
Q	V	-2	-0.05	-1.5	-0.67	0.49	0.21	-0.02	0.3	0.97	-1.55	-1.16	0.149	-0.184	-0.03	0.035	-0.112	-0.274	0.136	-0.187	-0.196	-0.299	96	12.54342239567014	-0.6165123036565043	0.9354194654024579
Q	W	-2	-0.05	-1.5	-0.67	0.49	0.21	1.38	1.69	1.91	1.07	-0.05	0.149	-0.184	-0.03	0.035	-0.112	-0.296	-0.186	0.389	0.083	0.297	130	12.366196138321115	-0.43928604630745965	-4.080185671392417
Q	Y	-1	-0.05	-1.5	-0.67	0.49	0.21	1.75	0.11	0.65	0.21	-0.41	0.149	-0.184	-0.03	0.035	-0.112	-0.141	-0.057	0.425	-0.096	-0.091	99	8.281913053914845	3.644997038098652	-3.4361280933960785
R	A	-1	-0.4	-0.83	-0.61	1.26	-0.28	-0.57	0.39	-0.96	-0.61	-0.69	0.171	-0.361	0.107	-0.258	-0.364	0.008	0.134	-0.475	-0.039	0.181	112	9.499941919722483	8.002693974700295	6.768186052907962
R	C	-3	-0.4	-0.83	-0.61	1.26	-0.28	0.07	2.04	0.65	-1.13	-0.39	0.171	-0.361	0.107	-0.258	-0.364	-0.132	0.174	0.07	0.565	-0.374	180	15.277268833891403	2.225367060531604	5.39624603636522
R	D	-2	-0.4	-0.83	-0.61	1.26	-0.28	-1.62	-0.52	-0.67	1.02	1.47	0.171	-0.361	0.107	-0.258	-0.364	0.303	-0.057	-0.014	0.225	0.156	96	1.7579520966453057	15.744683797777205	3.8242136095202555
R	E	0	-0.4	-0.83	-0.61	1.26	-0.28	-0.64	-1.59	-0.39	0.69	1.04	0.171	-0.361	0.107	-0.258	-0.364	0.221	-0.28	-0.315	0.157	0.303	54	1.9234149222338024	15.579220972188718	3.648714187712948
R	F	-3	-0.4	-0.83	-0.61	1.26	-0.28	1.87	1.04	1.28	-0.61	-0.16	0.171	-0.361	0.107	-0.258	-0.364	-0.329	-0.023	0.072	-0.002	0.208	97	16.5733154419078	0.929320452515285	1.6347791711556598
R	G	-2	-0.4	-0.83	-0.61	1.26	-0.28	-0.9	0.87	-0.36	1.08	1.95	0.171	-0.361	0.107	-0.258	-0.364	0.218	0.562	-0.024	0.018	0.106	125	7.779559304895316	9.723076589527388	8.183526040899773
R	H	0	-0.4	-0.83	-0.61	1.26	-0.28	0.73	-0.67	-0.42	1.13	0.99	0.171	-0.361	0.107	-0.258	-0.364	0.023	-0.177	0.041	0.28	-0.021	29	6.594579908504949	10.908055985917732	2.6935393865699915
R	I	-3	-0.4	-0.83	-0.61	1.26	-0.28	0.59	0.79	1.44	-1.9	-0.93	0.171	-0.361	0.107	-0.258	-0.364	-0.353	0.071	-0.088	-0.195	-0.107	97	17.264726384411208	0.23790951001187513	3.6114859613863173
R	K	2	-0.4	-0.83	-0.61	1.26	-0.28	-0.64	-1.19	-0.65	0.68	-0.13	0.171	-0.361	0.107	-0.258	-0.364	0.243	-0.339	-0.044	-0.325	-0.027	26	0.7381059699135218	16.764529924508953	2.134497047323753
R	L	-2	-0.4	-0.83	-0.61	1.26	-0.28	0.65	0.84	1.25	-0.99	-1.9	0.171	-0.361	0.107	-0.258	-0.364	-0.267	0.018	-0.265	-0.274	0.206	102	16.030992247382855	1.4716436470401788	3.5780550951342085
R	M	-1	-0.4	-0.83	-0.61	1.26	-0.28	0.76	0.05	0.06	-0.62	-1.59	0.171	-0.361	0.107	-0.258	-0.364	-0.239	-0.141	-0.155	0.321	0.077	91	14.163046796782583	3.339589097640393	4.014640864894714
R	N	0	-0.4	-0.83	-0.61	1.26	-0.28	-0.7	-0.63	-1.47	1.02	1.06	0.171	-0.361	0.107	-0.258	-0.364	0.255	0.038	0.117	0.118	-0.055	86	3.1167995107459725	14.385836383676578	4.142242283625639
R	P	-2	-0.4	-0.83	-0.61	1.26	-0.28	-1.82	-0.63	0.32	0.03	0.68	0.171	-0.361	0.107	-0.258	-0.364	0.173	0.286	0.407	-0.215	0.384	103	7.225329637357148	10.27730625706556	3.496791482856289
R	Q	1	-0.4	-0.83	-0.61	1.26	-0.28	-0.05	-1.5	-0.67	0.49	0.21	0.171	-0.361	0.107	-0.258	-0.364	0.149	-0.184	-0.03	0.035	-0.112	43	2.7878629012044347	14.714772993218102	3.908938277415369
R	S	-1	-0.4	-0.83	-0.61	1.26	-0.28	-0.39	-0.27	-1.51	-0.25	0.31	0.171	-0.361	0.107	-0.258	-0.364	0.199	0.238	-0.015	-0.068	-0.196	110	5.715440482785392	11.787195411637255	6.263934604021696
R	T	-1	-0.4	-0.83	-0.61	1.26	-0.28	-0.04	-0.3	-0.82	-1.02	-0.04	0.171	-0.361	0.107	-0.258	-0.364	0.068	0.147	-0.015	-0.132	-0.274	71	7.022902294320861	10.479733600101829	5.750049080793163
R	V	-3	-0.4	-0.83	-0.61	1.26	-0.28	-0.02	0.3	0.97	-1.55	-1.16	0.171	-0.361	0.107	-0.258	-0.364	-0.274	0.136	-0.187	-0.196	-0.299	96	15.331285296874798	2.171350597548216	4.844357742817737
R	W	-3	-0.4	-0.83	-0.61	1.26	-0.28	1.38	1.69	1.91	1.07	-0.05	0.171	-0.361	0.107	-0.258	-0.364	-0.296	-0.186	0.389	0.083	0.297	101	15.154059039525784	2.348576854897259	-0.17124739397713934
R	Y	-2	-0.4	-0.83	-0.61	1.26	-0.28	1.75	0.11	0.65	0.21	-0.41	0.171	-0.361	0.107	-0.258	-0.364	-0.141	-0.057	0.425	-0.096	-0.091	77	11.069775955119509	6.432859939303377	0.47281018401920183
S	A	1	-0.39	-0.27	-1.51	-0.25	0.31	-0.57	0.39	-0.96	-0.61	-0.69	0.199	0.238	-0.015	-0.068	-0.196	0.008	0.134	-0.475	-0.039	0.181	99	3.7845014369369747	2.28725349191464	0.5042514488863162
S	C	-1	-0.39	-0.27	-1.51	-0.25	0.31	0.07	2.04	0.65	-1.13	-0.39	0.199	0.238	-0.015	-0.068	-0.196	-0.132	0.174	0.07	0.565	-0.374	112	9.5618283511059	-3.4900734222540506	-0.8676885676564302
S	D	0	-0.39	-0.27	-1.51	-0.25	0.31	-1.62	-0.52	-0.67	1.02	1.47	0.199	0.238	-0.015	-0.068	-0.196	0.303	-0.057	-0.014	0.225	0.156	65	-3.9574883861402017	10.029243314991538	-2.439720994501394
S	E	0	-0.39	-0.27	-1.51	-0.25	0.31	-0.64	-1.59	-0.39	0.69	1.04	0.199	0.238	-0.015	-0.068	-0.196	0.221	-0.28	-0.315	0.157	0.303	80	-3.792025560551706	9.86378048940305	-2.6152204163087025
S	F	-2	-0.39	-0.27	-1.51	-0.25	0.31	1.87	1.04	1.28	-0.61	-0.16	0.199	0.238	-0.015	-0.068	-0.196	-0.329	-0.023	0.072	-0.002	0.208	155	10.857874959122285	-4.7861200302703715	-4.62915543286599
S	G	0	-0.39	-0.27	-1.51	-0.25	0.31	-0.9	0.87	-0.36	1.08	1.95	0.199	0.238	-0.015	-0.068	-0.196	0.218	0.562	-0.024	0.018	0.106	56	2.06411882210981	4.00763610674173	1.9195914368781224
S	H	-1	-0.39	-0.27	-1.51	-0.25	0.31	0.73	-0.67	-0.42	1.13	0.99	0.199	0.238	-0.015	-0.068	-0.196	0.023	-0.177	0.041	0.28	-0.021	89	0.8791394257194483	5.192615503132082	-3.5703952174516584
S	I	-2	-0.39	-0.27	-1.51	-0.25	0.31	0.59	0.79	1.44	-1.9	-0.93	0.199	0.238	-0.015	-0.068	-0.196	-0.353	0.071	-0.088	-0.195	-0.107	142	11.54928590162571	-5.477530972773782	-2.652448642635332
S	K	0	-0.39	-0.27	-1.51	-0.25	0.31	-0.64	-1.19	-0.65	0.68	-0.13	0.199	0.238	-0.015	-0.068	-0.196	0.243	-0.339	-0.044	-0.325	-0.027	121	-4.977334512871986	11.049089441723302	-4.129437556697895
S	L	-2	-0.39	-0.27	-1.51	-0.25	0.31	0.65	0.84	1.25	-0.99	-1.9	0.199	0.238	-0.015	-0.068	-0.196	-0.267	0.018	-0.265	-0.274	0.206	145	10.31555176459736	-4.243796835745471	-2.6858795088874414
S	M	-1	-0.39	-0.27	-1.51	-0.25	0.31	0.76	0.05	0.06	-0.62	-1.59	0.199	0.238	-0.015	-0.068	-0.196	-0.239	-0.141	-0.155	0.321	0.077	135	8.447606313997076	-2.375851385145266	-2.249293739126935
S	N	1	-0.39	-0.27	-1.51	-0.25	0.31	-0.7	-0.63	-1.47	1.02	1.06	0.199	0.238	-0.015	-0.068	-0.196	0.255	0.038	0.117	0.118	-0.055	46	-2.5986409720395347	8.670395900890925	-2.12169232039601
S	P	-1	-0.39	-0.27	-1.51	-0.25	0.31	-1.82	-0.63	0.32	0.03	0.68	0.199	0.238	-0.015	-0.068	-0.196	0.173	0.286	0.407	-0.215	0.384	74	1.5098891545716386	4.561865774279913	-2.76714312116536
S	Q	0	-0.39	-0.27	-1.51	-0.25	0.31	-0.05	-1.5	-0.67	0.49	0.21	0.199	0.238	-0.015	-0.068	-0.196	0.149	-0.184	-0.03	0.035	-0.112	68	-2.9275775815810756	8.999332510432456	-2.3549963266062783
S	R	-1	-0.39	-0.27	-1.51	-0.25	0.31	-0.4	-0.83	-0.61	1.26	-0.28	0.199	0.238	-0.015	-0.068	-0.196	0.171	-0.361	0.107	-0.258	-0.364	110	-5.715440482785836	11.787195411637141	-6.263934604021507
S	T	1	-0.39	-0.27	-1.51	-0.25	0.31	-0.04	-0.3	-0.82	-1.02	-0.04	0.199	0.238	-0.015	-0.068	-0.196	0.068	0.147	-0.015	-0.132	-0.274	58	1.307461811535354	4.764293117316168	-0.5138855232284877
S	V	-2	-0.39	-0.27	-1.51	-0.25	0.31	-0.02	0.3	0.97	-1.55	-1.16	0.199	0.238	-0.015	-0.068	-0.196	-0.274	0.136	-0.187	-0.196	-0.299	124	9.615844814089288	-3.5440898852374363	-1.419576861203916
S	W	-3	-0.39	-0.27	-1.51	-0.25	0.31	1.38	1.69	1.91	1.07	-0.05	0.199	0.238	-0.015	-0.068	-0.196	-0.296	-0.186	0.389	0.083	0.297	177	9.438618556740265	-3.366863627888394	-6.435181997998791
S	Y	-2	-0.39	-0.27	-1.51	-0.25	0.31	1.75	0.11	0.65	0.21	-0.41	0.199	0.238	-0.015	-0.068	-0.196	-0.141	-0.057	0.425	-0.096	-0.091	144	5.354335472333999	0.7174194565177175	-5.791124420002451
T	A	0	-0.04	-0.3	-0.82	-1.02	-0.04	-0.57	0.39	-0.96	-0.61	-0.69	0.068	0.147	-0.015	-0.132	-0.274	0.008	0.134	-0.475	-0.039	0.181	58	2.477039625401554	0.9797916803791642	1.0181369721148321
T	C	-1	-0.04	-0.3	-0.82	-1.02	-0.04	0.07	2.04	0.65	-1.13	-0.39	0.068	0.147	-0.015	-0.132	-0.274	-0.132	0.174	0.07	0.565	-0.374	149	8.254366539570475	-4.797535233789525	-0.3538030444279138
T	D	-1	-0.04	-0.3	-0.82	-1.02	-0.04	-1.62	-0.52	-0.67	1.02	1.47	0.068	0.147	-0.015	-0.132	-0.274	0.303	-0.057	-0.014	0.225	0.156	85	-5.264950197675621	8.721781503456064	-1.9258354712728771
T	E	-1	-0.04	-0.3	-0.82	-1.02	-0.04	-0.64	-1.59	-0.39	0.69	1.04	0.068	0.147	-0.015	-0.132	-0.274	0.221	-0.28	-0.315	0.157	0.303	65	-5.099487372087125	8.55631867786758	-2.1013348930801876
T	F	-2	-0.04	-0.3	-0.82	-1.02	-0.04	1.87	1.04	1.28	-0.61	-0.16	0.068	0.147	-0.015	-0.132	-0.274	-0.329	-0.023	0.072	-0.002	0.208	103	9.550413147586866	-6.0935818418058485	-4.1152699096374725
T	G	-2	-0.04	-0.3	-0.82	-1.02	-0.04	-0.9	0.87	-0.36	1.08	1.95	0.068	0.147	-0.015	-0.132	-0.274	0.218	0.562	-0.024	0.018	0.106	59	0.7566570105743894	2.700174295206255	2.433476960106637
T	H	-2	-0.04	-0.3	-0.82	-1.02	-0.04	0.73	-0.67	-0.42	1.13	0.99	0.068	0.147	-0.015	-0.132	-0.274	0.023	-0.177	0.041	0.28	-0.021	47	-0.4283223858159718	3.8851536915966043	-3.0565096942231427
T	I	-1	-0.04	-0.3	-0.82	-1.02	-0.04	0.59	0.79	1.44	-1.9	-0.93	0.068	0.147	-0.015	-0.132	-0.274	-0.353	0.071	-0.088	-0.195	-0.107	89	10.241824090090287	-6.7849927843092575	-2.138563119406818
T	K	-1	-0.04	-0.3	-0.82	-1.02	-0.04	-0.64	-1.19	-0.65	0.68	-0.13	0.068	0.147	-0.015	-0.132	-0.274	0.243	-0.339	-0.044	-0.325	-0.027	78	-6.2847963244074085	9.741627630187827	-3.6155520334693816
T	L	-1	-0.04	-0.3	-0.82	-1.02	-0.04	0.65	0.84	1.25	-0.99	-1.9	0.068	0.147	-0.015	-0.132	-0.274	-0.267	0.018	-0.265	-0.274	0.206	92	9.00808995306194	-5.551258647280952	-2.171993985658926
T	M	-1	-0.04	-0.3	-0.82	-1.02	-0.04	0.76	0.05	0.06	-0.62	-1.59	0.068	0.147	-0.015	-0.132	-0.274	-0.239	-0.141	-0.155	0.321	0.077	81	7.1401445024616566	-3.6833131966807393	-1.7354082158984199
T	N	0	-0.04	-0.3	-0.82	-1.02	-0.04	-0.7	-0.63	-1.47	1.02	1.06	0.068	0.147	-0.015	-0.132	-0.274	0.255	0.038	0.117	0.118	-0.055	65	-3.9061027835749558	7.362934089355447	-1.6078067971674934
T	P	-1	-0.04	-0.3	-0.82	-1.02	-0.04	-1.82	-0.63	0.32	0.03	0.68	0.068	0.147	-0.015	-0.132	-0.274	0.173	0.286	0.407	-0.215	0.384	38	0.202427343036216	3.254403962744436	-2.2532575979368445
T	Q	-1	-0.04	-0.3	-0.82	-1.02	-0.04	-0.05	-1.5	-0.67	0.49	0.21	0.068	0.147	-0.015	-0.132	-0.274	0.149	-0.184	-0.03	0.035	-0.112	42	-4.235039393116495	7.691870698896977	-1.841110803377762
T	R	-1	-0.04	-0.3	-0.82	-1.02	-0.04	-0.4	-0.83	-0.61	1.26	-0.28	0.068	0.147	-0.015	-0.132	-0.274	0.171	-0.361	0.107	-0.258	-0.364	71	-7.022902294321255	10.479733600101662	-5.750049080792992
T	S	1	-0.04	-0.3	-0.82	-1.02	-0.04	-0.39	-0.27	-1.51	-0.25	0.31	0.068	0.147	-0.015	-0.132	-0.274	0.199	0.238	-0.015	-0.068	-0.196	58	-1.307461811535537	4.764293117316114	0.5138855232285647
T	V	0	-0.04	-0.3	-0.82	-1.02	-0.04	-0.02	0.3	0.97	-1.55	-1.16	0.068	0.147	-0.015	-0.132	-0.274	-0.274	0.136	-0.187	-0.196	-0.299	69	8.308383002553866	-4.851551696772914	-0.9056913379754001
T	W	-2	-0.04	-0.3	-0.82	-1.02	-0.04	1.38	1.69	1.91	1.07	-0.05	0.068	0.147	-0.015	-0.132	-0.274	-0.296	-0.186	0.389	0.083	0.297	128	8.131156745204848	-4.6743254394238685	-5.921296474770275
T	Y	-2	-0.04	-0.3	-0.82	-1.02	-0.04	1.75	0.11	0.65	0.21	-0.41	0.068	0.147	-0.015	-0.132	-0.274	-0.141	-0.057	0.425	-0.096	-0.091	92	4.046873660798578	-0.5900423550177613	-5.277238896773935
V	A	0	-0.02	0.3	0.97	-1.55	-1.16	-0.57	0.39	-0.96	-0.61	-0.69	-0.274	0.136	-0.187	-0.196	-0.299	0.008	0.134	-0.475	-0.039	0.181	64	-5.831343377152065	-7.328591322174766	1.923828310090128
V	C	-1	-0.02	0.3	0.97	-1.55	-1.16	0.07	2.04	0.65	-1.13	-0.39	-0.274	0.136	-0.187	-0.196	-0.299	-0.132	0.174	0.07	0.565	-0.374	192	-0.05401646298314032	-13.105918236343463	0.5518882935473829
V	D	-3	-0.02	0.3	0.97	-1.55	-1.16	-1.62	-0.52	-0.67	1.02	1.47	-0.274	0.136	-0.187	-0.196	-0.299	0.303	-0.057	-0.014	0.225	0.156	152	-13.573333200229232	0.4133985009021288	-1.0201441332975802
V	E	-2	-0.02	0.3	0.97	-1.55	-1.16	-0.64	-1.59	-0.39	0.69	1.04	-0.274	0.136	-0.187	-0.196	-0.299	0.221	-0.28	-0.315	0.157	0.303	121	-13.407870374640739	0.24793567531363778	-1.1956435551048914
V	F	-1	-0.02	0.3	0.97	-1.55	-1.16	1.87	1.04	1.28	-0.61	-0.16	-0.274	0.136	-0.187	-0.196	-0.299	-0.329	-0.023	0.072	-0.002	0.208	50	1.2420301450332514	-14.40196484435978	-3.209578571662177
V	G	-3	-0.02	0.3	0.97	-1.55	-1.16	-0.9	0.87	-0.36	1.08	1.95	-0.274	0.136	-0.187	-0.196	-0.299	0.218	0.562	-0.024	0.018	0.106	109	-7.5517259919792235	-5.608208707347679	3.3391682980819315
V	H	-3	-0.02	0.3	0.97	-1.55	-1.16	0.73	-0.67	-0.42	1.13	0.99	-0.274	0.136	-0.187	-0.196	-0.299	0.023	-0.177	0.041	0.28	-0.021	84	-8.736705388369586	-4.423229310957328	-2.1508183562478456
V	I	3	-0.02	0.3	0.97	-1.55	-1.16	0.59	0.79	1.44	-1.9	-0.93	-0.274	0.136	-0.187	-0.196	-0.299	-0.353	0.071	-0.088	-0.195	-0.107	29	1.9334410875366745	-15.09337578686318	-1.2328717814315229
V	K	-2	-0.02	0.3	0.97	-1.55	-1.16	-0.64	-1.19	-0.65	0.68	-0.13	-0.274	0.136	-0.187	-0.196	-0.299	0.243	-0.339	-0.044	-0.325	-0.027	97	-14.593179326961012	1.433244627633886	-2.709860695494084
V	L	1	-0.02	0.3	0.97	-1.55	-1.16	0.65	0.84	1.25	-0.99	-1.9	-0.274	0.136	-0.187	-0.196	-0.299	-0.267	0.018	-0.265	-0.274	0.206	32	0.6997069505083269	-13.859641649834883	-1.26630264768363
V	M	1	-0.02	0.3	0.97	-1.55	-1.16	0.76	0.05	0.06	-0.62	-1.59	-0.274	0.136	-0.187	-0.196	-0.299	-0.239	-0.141	-0.155	0.321	0.077	21	-1.1682385000919635	-11.991696199234681	-0.829716877923123
V	N	-3	-0.02	0.3	0.97	-1.55	-1.16	-0.7	-0.63	-1.47	1.02	1.06	-0.274	0.136	-0.187	-0.196	-0.299	0.255	0.038	0.117	0.118	-0.055	133	-12.214485786128579	-0.9454489131984863	-0.7021154591921976
V	P	-2	-0.02	0.3	0.97	-1.55	-1.16	-1.82	-0.63	0.32	0.03	0.68	-0.274	0.136	-0.187	-0.196	-0.299	0.173	0.286	0.407	-0.215	0.384	68	-8.1059556595174	-5.053979039809499	-1.347566259961548
V	Q	-2	-0.02	0.3	0.97	-1.55	-1.16	-0.05	-1.5	-0.67	0.49	0.21	-0.274	0.136	-0.187	-0.196	-0.299	0.149	-0.184	-0.03	0.035	-0.112	96	-12.543422395670113	-0.6165123036569533	-0.9354194654024662
V	R	-3	-0.02	0.3	0.97	-1.55	-1.16	-0.4	-0.83	-0.61	1.26	-0.28	-0.274	0.136	-0.187	-0.196	-0.299	0.171	-0.361	0.107	-0.258	-0.364	96	-15.331285296874878	2.171350597547723	-4.844357742817695
V	S	-2	-0.02	0.3	0.97	-1.55	-1.16	-0.39	-0.27	-1.51	-0.25	0.31	-0.274	0.136	-0.187	-0.196	-0.299	0.199	0.238	-0.015	-0.068	-0.196	124	-9.61584481408915	-3.544089885237823	1.4195768612038606
V	T	0	-0.02	0.3	0.97	-1.55	-1.16	-0.04	-0.3	-0.82	-1.02	-0.04	-0.274	0.136	-0.187	-0.196	-0.299	0.068	0.147	-0.015	-0.132	-0.274	69	-8.308383002553684	-4.851551696773244	0.9056913379753229
V	W	-3	-0.02	0.3	0.97	-1.55	-1.16	1.38	1.69	1.91	1.07	-0.05	-0.274	0.136	-0.187	-0.196	-0.299	-0.296	-0.186	0.389	0.083	0.297	88	-0.17722625734877223	-12.982708441977795	-5.01560513679498
V	Y	-1	-0.02	0.3	0.97	-1.55	-1.16	1.75	0.11	0.65	0.21	-0.41	-0.274	0.136	-0.187	-0.196	-0.299	-0.141	-0.057	0.425	-0.096	-0.091	55	-4.261509341755036	-8.898425357571693	-4.371547558798637
W	A	-3	1.38	1.69	1.91	1.07	-0.05	-0.57	0.39	-0.96	-0.61	-0.69	-0.296	-0.186	0.389	0.083	0.297	0.008	0.134	-0.475	-0.039	0.181	148	-5.654117119803045	-7.151365064825798	6.939433446884997
W	C	-2	1.38	1.69	1.91	1.07	-0.05	0.07	2.04	0.65	-1.13	-0.39	-0.296	-0.186	0.389	0.083	0.297	-0.132	0.174	0.07	0.565	-0.374	215	0.12320979436587826	-12.928691978994495	5.567493430342255
W	D	-4	1.38	1.69	1.91	1.07	-0.05	-1.62	-0.52	-0.67	1.02	1.47	-0.296	-0.186	0.389	0.083	0.297	0.303	-0.057	-0.014	0.225	0.156	181	-13.396106942880213	0.590624758251096	3.9954610034972924
W	E	-3	1.38	1.69	1.91	1.07	-0.05	-0.64	-1.59	-0.39	0.69	1.04	-0.296	-0.186	0.389	0.083	0.297	0.221	-0.28	-0.315	0.157	0.303	152	-13.23064411729172	0.425161932662606	3.8199615816899803
W	F	1	1.38	1.69	1.91	1.07	-0.05	1.87	1.04	1.28	-0.61	-0.16	-0.296	-0.186	0.389	0.083	0.297	-0.329	-0.023	0.072	-0.002	0.208	40	1.419256402382271	-14.224738587010812	1.8060265651326965
W	G	-2	1.38	1.69	1.91	1.07	-0.05	-0.9	0.87	-0.36	1.08	1.95	-0.296	-0.186	0.389	0.083	0.297	0.218	0.562	-0.024	0.018	0.106	184	-7.374499734630204	-5.430982449998712	8.35477343487681
W	H	-2	1.38	1.69	1.91	1.07	-0.05	0.73	-0.67	-0.42	1.13	0.99	-0.296	-0.186	0.389	0.083	0.297	0.023	-0.177	0.041	0.28	-0.021	115	-8.559479131020566	-4.246003053608361	2.8647867805470266
W	I	-3	1.38	1.69	1.91	1.07	-0.05	0.59	0.79	1.44	-1.9	-0.93	-0.296	-0.186	0.389	0.083	0.297	-0.353	0.071	-0.088	-0.195	-0.107	61	2.1106673448856936	-14.916149529514215	3.7827333553633524
W	K	-3	1.38	1.69	1.91	1.07	-0.05	-0.64	-1.19	-0.65	0.68	-0.13	-0.296	-0.186	0.389	0.083	0.297	0.243	-0.339	-0.044	-0.325	-0.027	110	-14.415953069611993	1.6104708849828524	2.305744441300788
W	L	-2	1.38	1.69	1.91	1.07	-0.05	0.65	0.84	1.25	-0.99	-1.9	-0.296	-0.186	0.389	0.083	0.297	-0.267	0.018	-0.265	-0.274	0.206	61	0.8769332078573447	-13.682415392485916	3.749302489111243
W	M	-1	1.38	1.69	1.91	1.07	-0.05	0.76	0.05	0.06	-0.62	-1.59	-0.296	-0.186	0.389	0.083	0.297	-0.239	-0.141	-0.155	0.321	0.077	67	-0.9910122427429435	-11.814469941885712	4.18588825887175
W	N	-4	1.38	1.69	1.91	1.07	-0.05	-0.7	-0.63	-1.47	1.02	1.06	-0.296	-0.186	0.389	0.083	0.297	0.255	0.038	0.117	0.118	-0.055	174	-12.037259528779558	-0.7682226558495192	4.313489677602676
W	P	-4	1.38	1.69	1.91	1.07	-0.05	-1.82	-0.63	0.32	0.03	0.68	-0.296	-0.186	0.389	0.083	0.297	0.173	0.286	0.407	-0.215	0.384	147	-7.928729402168377	-4.876752782460531	3.668038876833325
W	Q	-2	1.38	1.69	1.91	1.07	-0.05	-0.05	-1.5	-0.67	0.49	0.21	-0.296	-0.186	0.389	0.083	0.297	0.149	-0.184	-0.03	0.035	-0.112	130	-12.366196138321094	-0.43928604630798773	4.080185671392405
W	R	-3	1.38	1.69	1.91	1.07	-0.05	-0.4	-0.83	-0.61	1.26	-0.28	-0.296	-0.186	0.389	0.083	0.297	0.171	-0.361	0.107	-0.258	-0.364	101	-15.15405903952586	2.3485768548966903	0.1712473939771783
W	S	-3	1.38	1.69	1.91	1.07	-0.05	-0.39	-0.27	-1.51	-0.25	0.31	-0.296	-0.186	0.389	0.083	0.297	0.199	0.238	-0.015	-0.068	-0.196	177	-9.438618556740131	-3.366863627888856	6.435181997998731
W	T	-2	1.38	1.69	1.91	1.07	-0.05	-0.04	-0.3	-0.82	-1.02	-0.04	-0.296	-0.186	0.389	0.083	0.297	0.068	0.147	-0.015	-0.132	-0.274	128	-8.131156745204663	-4.674325439424278	5.921296474770196
W	V	-3	1.38	1.69	1.91	1.07	-0.05	-0.02	0.3	0.97	-1.55	-1.16	-0.296	-0.186	0.389	0.083	0.297	-0.274	0.136	-0.187	-0.196	-0.299	88	0.17722625734926853	-12.982708441977874	5.015605136794771
W	Y	2	1.38	1.69	1.91	1.07	-0.05	1.75	0.11	0.65	0.21	-0.41	-0.296	-0.186	0.389	0.083	0.297	-0.141	-0.057	0.425	-0.096	-0.091	37	-4.0842830844060165	-8.721199100222725	0.6440575779962372
Y	A	-2	1.75	0.11	0.65	0.21	-0.41	-0.57	0.39	-0.96	-0.61	-0.69	-0.141	-0.057	0.425	-0.096	-0.091	0.008	0.134	-0.475	-0.039	0.181	112	-1.5698340353969342	-3.067081980419535	6.295375868888729
Y	C	-2	1.75	0.11	0.65	0.21	-0.41	0.07	2.04	0.65	-1.13	-0.39	-0.141	-0.057	0.425	-0.096	-0.091	-0.132	0.174	0.07	0.565	-0.374	194	4.2074928787719825	-8.844408894588232	4.923435852345982
Y	D	-3	1.75	0.11	0.65	0.21	-0.41	-1.62	-0.52	-0.67	1.02	1.47	-0.141	-0.057	0.425	-0.096	-0.091	0.303	-0.057	-0.014	0.225	0.156	160	-9.311823858474112	4.674907842657365	3.3514034255010148
Y	E	-2	1.75	0.11	0.65	0.21	-0.41	-0.64	-1.59	-0.39	0.69	1.04	-0.141	-0.057	0.425	-0.096	-0.091	0.221	-0.28	-0.315	0.157	0.303	122	-9.146361032885615	4.5094450170688765	3.175904003693709
Y	F	3	1.75	0.11	0.65	0.21	-0.41	1.87	1.04	1.28	-0.61	-0.16	-0.141	-0.057	0.425	-0.096	-0.091	-0.329	-0.023	0.072	-0.002	0.208	22	5.503539486788377	-10.140455502604539	1.1619689871364225
Y	G	-3	1.75	0.11	0.65	0.21	-0.41	-0.9	0.87	-0.36	1.08	1.95	-0.141	-0.057	0.425	-0.096	-0.091	0.218	0.562	-0.024	0.018	0.106	147	-3.2902166502240977	-1.346699365592444	7.710715856880535
Y	H	2	1.75	0.11	0.65	0.21	-0.41	0.73	-0.67	-0.42	1.13	0.99	-0.141	-0.057	0.425	-0.096	-0.091	0.023	-0.177	0.041	0.28	-0.021	83	-4.47519604661446	-0.16171996920209306	2.2207292025507535
Y	I	-1	1.75	0.11	0.65	0.21	-0.41	0.59	0.79	1.44	-1.9	-0.93	-0.141	-0.057	0.425	-0.096	-0.091	-0.353	0.071	-0.088	-0.195	-0.107	33	6.1949504292918	-10.831866445107954	3.1386757773670793
Y	K	-2	1.75	0.11	0.65	0.21	-0.41	-0.64	-1.19	-0.65	0.68	-0.13	-0.141	-0.057	0.425	-0.096	-0.091	0.243	-0.339	-0.044	-0.325	-0.027	85	-10.331669985205897	5.694753969389123	1.6616868633045154
Y	L	-1	1.75	0.11	0.65	0.21	-0.41	0.65	0.84	1.25	-0.99	-1.9	-0.141	-0.057	0.425	-0.096	-0.091	-0.267	0.018	-0.265	-0.274	0.206	36	4.961216292263449	-9.598132308079649	3.1052449111149705
Y	M	-1	1.75	0.11	0.65	0.21	-0.41	0.76	0.05	0.06	-0.62	-1.59	-0.141	-0.057	0.425	-0.096	-0.091	-0.239	-0.141	-0.155	0.321	0.077	36	3.093270841663165	-7.730186857479441	3.5418306808754765
Y	N	-2	1.75	0.11	0.65	0.21	-0.41	-0.7	-0.63	-1.47	1.02	1.06	-0.141	-0.057	0.425	-0.096	-0.091	0.255	0.038	0.117	0.118	-0.055	143	-7.952976444373445	3.31606042855675	3.6694320996064014
Y	P	-3	1.75	0.11	0.65	0.21	-0.41	-1.82	-0.63	0.32	0.03	0.68	-0.141	-0.057	0.425	-0.096	-0.091	0.173	0.286	0.407	-0.215	0.384	110	-3.84444631776227	-0.7924696980542618	3.0239812988370525
Y	Q	-1	1.75	0.11	0.65	0.21	-0.41	-0.05	-1.5	-0.67	0.49	0.21	-0.141	-0.057	0.425	-0.096	-0.091	0.149	-0.184	-0.03	0.035	-0.112	99	-8.281913053914984	3.6449970380982784	3.436128093396134
Y	R	-2	1.75	0.11	0.65	0.21	-0.41	-0.4	-0.83	-0.61	1.26	-0.28	-0.141	-0.057	0.425	-0.096	-0.091	0.171	-0.361	0.107	-0.258	-0.364	77	-11.069775955119754	6.43285993930296	-0.4728101840190951
Y	S	-2	1.75	0.11	0.65	0.21	-0.41	-0.39	-0.27	-1.51	-0.25	0.31	-0.141	-0.057	0.425	-0.096	-0.091	0.199	0.238	-0.015	-0.068	-0.196	144	-5.354335472334028	0.7174194565174152	5.791124420002458
Y	T	-2	1.75	0.11	0.65	0.21	-0.41	-0.04	-0.3	-0.82	-1.02	-0.04	-0.141	-0.057	0.425	-0.096	-0.091	0.068	0.147	-0.015	-0.132	-0.274	92	-4.046873660798554	-0.5900423550180022	5.277238896773925
Y	V	-1	1.75	0.11	0.65	0.21	-0.41	-0.02	0.3	0.97	-1.55	-1.16	-0.141	-0.057	0.425	-0.096	-0.091	-0.274	0.136	-0.187	-0.196	-0.299	55	4.261509341755375	-8.898425357571616	4.371547558798496
Y	W	2	1.75	0.11	0.65	0.21	-0.41	1.38	1.69	1.91	1.07	-0.05	-0.141	-0.057	0.425	-0.096	-0.091	-0.296	-0.186	0.389	0.083	0.297	37	4.084283084406357	-8.721199100222568	-0.6440575779963772
