aa	hphob1	hphob2	hphob3	hphob4	hphob5	hphob6	hphob7	hphob8	hphob9	hphob10	hphob11	hphob12	hphob13	hphob14	hphob15	hphob16	hphob17	hphob18	hphob19	hphob20	hphob21	hphob22	hphob23	hphob24	hphob25	hphob26	hphob27	hphob28	hphob29	hphob30	hphob31	hphob32	hphob33	hphob34	hphob35	hphob36	hphob37	hphob38	hphob39	hphob40	hphob41	hphob42	hphob43	hphob44	hphob45	hphob46	hphob47	hphob48	hphob49	hphob50	hphob51	hphob52	hphob53	hphob54	hphob55	hphob56	hphob57	hphob58	hphob59	hphob60	hphob61	hphob62	hphob63	hphob64	hphob65	hphob66	hphob67	hphob68	hphob69	hphob70	hphob71	hphob72	hphob73	hphob74	hphob75	hphob76	hphob77	hphob78	hphob79	hphob80	hphob81	hphob82	hphob83	hphob84	hphob85	hphob86	hphob87	hphob88	hphob89	hphob90	hphob91	hphob92	hphob93	hphob94	hphob95	hphob96	hphob97	hphob98
A	-0.45	0.02	0.25	12.97	12.28	7.62	2.63	13.65	14.6	10.67	6.7	-0.4	58	51	41	32	5	-2	0.06	2.62	1.64	-2.34	-0.78	1.1	0.27	1.6	1.8	1.6	-0.33	-0.08	0.36	0.17	13.05	14.65	13.85	0.27	1.12	1.15	0.87	-1.18	0.1	0.18	0.2	1.5	1.6	0.61	0.1	5.33	-0.3	0.38	0.62	0.3	1.36	0.62	1.15	2.1	0.74	-4.6	-0.5	-0.17	0.61	0.31	0.87	0.5	0.83	24	0.85	0.42	0.616	-0.21	0.85	0.54	-0.24	1.06	0.29	0.82	0.67	0.83	0.21	0.5	0.63	0.32	-0.44	1.94	0.35	-0.67	-0.67	-0.4	1.8	4.3	7.2	-0.61	-0.1	-1.15	4.6	0.21	0.67	0.67
C	0.79	0.77	0.04	14.63	14.93	10.93	3.36	14.49	15.9	14.15	8.4	0.17	116	137	169	182	224	329	0.49	0.73	-9.3	5.03	-0.55	2.5	1.05	2	2.5	2	1.31	0.76	0.7	1.24	14.3	16.43	15.37	1.05	0.59	1.35	1.32	-1.46	0.14	0.27	1.9	2.5	1.9	0.36	-1.42	7.93	6.3	0.5	0.29	0.9	1.27	0.29	-1.2	1.4	0.91	-5.1	0.02	0.24	1.07	1.54	1.52	1	1.48	194	2.1	0.84	0.68	-6.04	4.24	5.81	6.85	5.36	2.06	-2.31	1.48	1.66	6.04	4.77	4.77	5.48	0.58	-1.24	0.76	-0.34	-2	-0.5	31.3	3.8	-3.8	-0.36	1.42	1.2	5.1	6.04	0.34	2
L	1.29	1.14	0.53	14.9	14.1	9.37	2.98	14.01	16.49	13.07	11.7	1.22	95	103	103	104	82	36	3.5	6.57	-0.83	1.09	-0.56	3.8	1.1	2.8	3.8	2.8	2.95	1.24	1.18	0.96	14.19	14.06	14.13	1.1	1.18	1.7	1.64	-1.93	0.26	0.41	0.5	3.8	3.5	-1.65	-1.18	8.47	6.6	0.45	1.06	0.5	1.47	1.53	0.75	-9.2	0.85	-5.4	1.25	0.56	1.53	1.7	2.17	1.8	2.52	103	1.99	1.8	0.943	-4.68	4.68	4.16	1.47	4.9	1.33	1.95	3.02	2.99	4.68	3.27	4.9	2.34	2.46	2.28	1.8	-3.02	-3.02	-0.6	18.2	14.5	17.3	1.65	1.18	-0.75	5.4	4.68	3.02	3.02
M	1.37	1	0.26	14.39	14.33	9.83	3.18	13.4	16.23	15	14.2	1.02	78	73	77	82	83	62	0.21	-3.12	-4.26	0.62	-0.66	1.9	0.73	3.4	1.9	3.4	1.69	1.27	1.21	0.6	13.62	14.09	13.86	0.73	0.55	1.85	1.73	-2.03	0.33	0.44	0.5	1.9	1.9	-0.66	-1.59	8.95	2.5	0.4	0.64	0.4	1.42	0.64	-3.85	-4.2	0.85	-5	0.67	0.23	1.18	1.23	1.67	1.3	1.4	90	1.42	1.18	0.738	-3.66	3.38	4.61	0.24	5.08	0.59	0.2	1.67	2.16	3.66	3.27	5.08	1.6	1.1	-1.48	1.1	-1.3	-1.67	-0.3	-5.3	7	4.6	0.66	1.59	3.85	5	3.66	1.3	1.67
E	-0.8	-1.14	-0.62	11.89	11.19	6.38	2.31	12.55	13.59	11.71	-34.3	-1.22	-131	-115	-90	-74	-8	117	-0.1	-0.45	-1.18	1.3	-1.45	-3.2	-1.17	-8.2	-3.5	-8.2	-0.83	-1.31	-0.83	-1.19	11.41	11.35	11.38	-1.17	-0.92	1.9	1.14	-1.86	0.12	-2.1	-1.3	-3.2	-3.8	0.51	0.83	3.65	0	0.18	-0.74	-0.7	0.25	-0.74	-0.71	7.8	0.62	-2.8	-0.11	-2.02	0.47	-0.64	0.67	-2.5	0.65	-57	-0.79	-0.37	0.043	2.3	-1.76	-1.63	-3.67	-1.09	-2.65	-4.84	-1.78	-4.15	-2.3	-2.51	-1.36	-4.39	-0.34	-10.2	-1.95	7.35	1.78	-1.3	-38.8	-49.4	-35.2	-0.51	-0.83	0.71	2.8	-2.3	-7.35	-1.78
Q	-0.99	-1.1	-0.69	11.76	11.28	6.67	2.45	11.3	12.02	11.71	-17.2	-0.91	-139	-128	-104	-95	-67	-37	0.31	-1.69	0.04	0.16	-1.19	-3.68	-1.1	-4.1	-3.5	-4.1	-2.52	-0.4	-1.05	-1.2	11.78	13.43	12.61	-1.1	-0.78	1.8	1.19	-1.93	0.1	-1.22	-1.1	-3.68	-4.4	0.97	0.95	3.87	-0.2	0.07	-0.85	-0.7	0.33	-0.85	-0.11	6	0.62	-4.2	-0.77	-0.58	0	-0.22	0	-0.2	0	-87	-0.42	-0.96	0.251	1.52	-0.61	-1.45	-3.67	-0.97	-4.28	-1.96	-2.12	-0.33	-1.52	-2.51	-1.69	-2.7	-0.71	-9.38	-0.93	6.39	2.12	-0.7	-28.4	-29.6	-30.2	-0.97	-0.95	0.11	4.2	-1.52	-6.39	-2.12
H	1.07	0.26	-0.4	12.16	12.84	7.85	2.57	11.59	15.35	12.07	-12.6	-0.64	-73	-55	-35	-25	-50	-70	-2.24	-0.74	-7.17	-3	-0.99	-3.2	-0.28	-3	-3.2	-3	-0.33	0.43	-0.16	-0.25	12.42	15.21	13.82	-0.28	-0.93	1.95	1.56	-2.02	0.22	-1.48	0.4	-3.2	-2.9	0.69	-0.5	5.1	-1.3	0.17	-0.4	-0.1	0.68	-0.4	3.12	2.1	0.78	-4.6	-0.11	-0.17	0.61	0.13	0.87	0.5	1.1	-31	0.22	-2.28	0.165	-1.23	0.36	1.65	-2.44	2.72	-2.8	-2.77	-1.09	0.83	1.23	1.51	2.26	-0.61	-0.01	-10.27	-0.65	3.82	1.09	-1	-12.2	-19.2	-23	-0.69	0.5	-3.12	4.6	1.23	-3.82	-1.09
K	-0.36	-0.41	-1.1	11.36	10.8	5.72	2.12	11.96	13.28	9.93	-36.8	-0.67	-24	-205	-148	-124	-38	115	-1.62	-2.78	2.36	1.56	-1.1	-4.11	-1.7	-8.8	-3.9	-8.8	1.61	-0.09	-0.56	-0.62	11.01	12.15	11.58	-1.7	-0.8	2	1.16	-2.26	0.23	-2.53	-1.6	-4.11	-4.2	0.46	1.4	2.95	-3.6	0.03	-1.5	-1.8	0.09	-1.5	2.06	5.7	0.52	-4.3	-2.8	-0.99	1.15	-0.99	1.64	-3	1.6	-9	-1.19	-2.03	0.283	3.88	-2.72	-2.41	-4.28	-2.33	-4.87	-3.44	-2.46	-4.98	-3.88	-5.03	-2.92	-4.75	-2.45	-9.52	-1.54	6.13	2.46	-0.4	-25	-44.8	-41.2	-0.46	-1.4	-2.06	4.3	-3.88	-6.13	-2.46
V	1.26	1.13	0.54	15.71	15.07	10.38	3.21	12.88	16.3	13.86	10.9	0.91	100	108	116	113	117	114	1.59	2.3	-0.52	2.06	-0.51	4.2	0.4	2.6	4.2	2.6	2.19	1.09	1.21	1.21	14.73	14.4	14.56	0.4	1.13	1.55	1.41	-1.65	0.21	0.32	0.7	4.2	3.6	-0.75	-1.27	7.63	5.9	0.54	1.08	0.6	1.37	1.8	-0.13	-3.7	0.86	-4.7	0.46	-0.07	1.32	1.22	1.87	1.5	1.79	111	2.53	1.34	0.825	-3.5	3.36	6.08	2.69	4.54	2.65	1.64	2.18	2.49	3.5	3.52	4.36	3.78	1.73	1.99	1.32	-2.18	-2.18	-0.4	8.7	13.4	8.7	0.75	1.27	0.13	4.7	3.5	2.18	2.18
I	0.76	1.81	0.73	15.67	14.77	9.99	3.08	14.63	14.1	12.95	13	1.25	107	106	104	106	83	28	3.48	4.38	-3.02	7.26	-0.47	4.5	0.77	3.1	4.5	3.1	5.42	1.39	2.17	2.06	15.34	15.22	15.28	0.77	1.16	1.75	1.58	-1.81	0.25	0.37	1.4	4.5	4.5	-1.45	-1.13	8.83	4.3	0.6	1.38	0.7	1.44	1.38	-2.92	-8	0.88	-5.1	1.12	0.31	2.22	1.8	3.15	1.8	3.07	102	3.14	1.81	0.943	-4.81	4.95	5.49	3.18	5.21	3.54	2.05	3.02	2.99	4.81	4.02	3.98	4.55	2.46	2.15	1.83	-3.02	-3.02	-0.4	2.2	9.9	9.9	1.45	1.13	2.92	5.1	4.81	3.02	3.02
F	1.48	1.35	0.61	14	13.43	8.99	3.02	14.08	14.18	13.27	15.5	1.92	92	108	128	132	117	120	4.8	9.14	1.36	2.57	-0.47	2.8	1.43	3.7	2.8	3.7	4.71	1.53	1.01	1.29	13.89	13.96	13.93	1.43	0.67	2.1	1.94	-2.23	0.3	0.5	1	2.8	2.5	-1.52	-2.12	9.03	7.5	0.5	1.19	0.5	1.57	1.19	-1.41	-9.2	0.88	-5.9	1.71	1.13	2.02	1.79	2.87	2.5	2.75	131	1.69	1.74	1	-4.65	4.92	2.82	0.98	6.33	2.06	2.77	3.02	4.15	4.65	4.02	6.68	2.06	2.54	-0.76	1.69	-3.24	-3.24	-0.7	-28.6	-35.3	-47	1.52	2.12	1.41	5.9	4.65	3.24	3.24
Y	1.49	1.11	0.02	13.42	13.29	8.53	2.79	12.64	14.76	11.52	-2.9	1.67	-11	11	36	44	27	-7	1.89	1.39	-2.37	-2.58	-1	-1.3	0.56	-0.7	-1.3	-0.7	4.21	1.53	1.05	0.66	13.57	14.19	13.88	0.56	-0.23	2.3	1.78	-2.37	0.23	-0.08	0.5	-1.3	-1.3	-1.43	-0.21	5.89	7.1	0.15	0.26	-0.4	0.83	0.26	0.13	-1.9	0.76	-5.8	0.71	0.94	1.88	0.96	2.67	2.3	2.97	43	1.37	0.51	0.88	-1.01	2.64	2.54	-0.73	2.24	-3.1	-1.24	-0.98	3.82	1.01	1.01	1.47	0.98	1.63	-6.11	0.39	0.98	0.98	-1.2	-9.4	-3.4	-18.4	1.43	0.21	-0.13	5.8	1.01	-0.98	-0.98
W	1.38	1.71	0.37	13.93	12.95	8.41	2.85	12.06	13.9	11.41	7.9	0.5	59	69	102	118	130	179	2.29	5.91	-2.61	3.59	-0.7	-0.46	1.57	1.9	-0.9	1.9	6.98	2.25	1.31	1.51	13.96	17	15.48	1.57	-0.19	2.55	2.25	-2.66	0.35	-0.01	1.6	-0.46	-0.3	-1.2	-0.51	7.66	7.9	0.27	0.81	0.3	1	0.81	-1.14	-10	0.85	-6.7	2.09	1.85	2.65	2.25	3.77	3.4	0.31	116	1.76	1.46	0.878	-3.32	6.19	1.87	-0.49	3.9	-1.33	1.64	2.86	5.65	3.32	3.27	2.29	2.15	2.56	-5.88	1.35	-2.86	-2.86	-0.6	-19.8	-4.2	3.6	1.2	0.51	1.14	6.7	3.32	2.86	2.86
T	-0.7	-0.77	-0.18	11.69	11.65	7.08	2.55	13	14.5	10.53	5	-0.28	-7	-3	10	20	79	174	0.65	1.81	-2.31	0.19	-1.05	-0.7	-0.63	1.2	-0.7	1.2	-2.34	-0.59	-1.2	-0.62	12.12	13.27	12.7	-0.63	-0.02	1.4	1.06	-1.52	0.16	-0.34	-0.4	-0.7	-0.3	0.29	0.07	4.49	-2.2	0.23	-0.05	-0.2	1.08	-0.05	-0.45	5.2	0.7	-4.7	-0.25	-0.14	0.05	0.26	0.07	0.4	0.54	34	-0.08	-0.26	0.45	0.78	0.72	-0.72	-2.69	0.42	-1.92	-0.73	0.42	0.66	-0.78	-0.5	0.71	-0.65	-0.41	-4.88	-0.27	3.86	-0.42	-0.4	-8.8	-11.4	-2.5	-0.29	-0.07	0.45	4.7	-0.78	-3.86	0.42
G	-1	-0.8	0.16	12.43	12.01	7.31	2.55	15.36	14.18	10.95	4.2	-0.67	-11	-13	-18	-22	-47	-66	0.21	-1.15	1.85	-1.06	-0.68	-0.64	0.16	1	-0.4	1	-2.27	-0.84	-0.82	-0.57	12.2	14.47	13.34	0.16	1.2	0.75	0.63	-0.88	0.07	0.09	-0.1	-0.84	-0.4	0.81	0.33	4.48	1.2	0.36	0.48	0.3	1.09	0.48	-1.84	5.7	0.72	-4.8	-1.15	-0.01	0.07	0	0.1	0	0.1	-28	0	0	0.501	0	0	0	0	0	0	0	0	0	0	0	0	0	0	2.39	0	0	0	0	7.7	0.1	-1.3	-0.81	-0.33	1.84	4.8	0	0	0
S	-0.98	-0.97	-0.26	11.23	11.26	6.93	2.6	11.26	13.36	11.18	2.5	-0.55	-34	-26	-31	-34	-41	-52	-0.62	-1.39	-1.59	1.93	-1	-0.5	-0.42	0.6	-0.8	0.6	-2.34	-0.93	-0.6	-0.83	11.68	15.1	13.39	-0.42	-0.05	1.15	0.86	-1.3	0.09	-0.4	-0.7	-0.5	-0.8	0.42	0.52	4.09	-0.6	0.22	-0.18	-0.1	0.97	-0.18	-0.26	6.5	0.66	-4.7	-0.46	-0.13	0.05	-0.04	0.07	-0.3	0.14	-36	-0.52	-0.64	0.359	1.74	-0.11	-1.49	-2.44	-0.27	-2.06	-1.24	-0.1	-0.5	-1.74	-1.51	-0.52	-1.96	-0.84	-5.06	-0.63	4.35	0.1	-0.4	-7.1	-0.3	-3.5	-0.42	-0.52	0.26	4.7	-1.74	-4.35	-0.1
D	-1.52	-1.04	-0.72	10.85	10.97	6.18	2.29	10.98	13.78	10.21	-38.5	-1.31	-97	-78	-47	-29	45	248	-0.2	-2.84	-0.7	-0.48	-1.35	-3.6	-0.81	-9.2	-3.5	-9.2	-0.86	-0.71	-1.09	-1.05	11.1	12.12	11.61	-0.81	-0.83	1.5	0.98	-1.59	0.07	-2.36	-1.4	-3.6	-3.5	0.61	0.78	3.59	-1.4	0.15	-0.9	-0.6	0.11	-0.09	0.65	10	0.62	-3.6	-0.43	-1.23	0.46	-0.77	0.66	-2.5	0.64	0	-1.1	-0.51	0.028	1.36	-2.12	-2.07	-3.42	-1.18	-3.1	-6.1	-1.57	-4.15	-1.36	-2.51	-1.23	-4.59	-0.31	-10.95	-2.15	8.72	1.57	-0.8	-66.8	-40.7	-55.1	-0.61	-0.78	-0.65	3.6	-1.36	-8.72	-1.57
N	-0.2	-0.77	-0.64	11.42	11	6.17	2.27	12.24	11.79	10.85	-20.1	-0.92	-93	-84	-74	-73	-77	-97	0.25	-1.27	-0.83	2.81	-1.2	-3.5	-0.81	-4.8	-3.5	-4.8	-2.29	-0.7	-0.9	-0.9	11.72	14.31	13.02	-0.81	-0.83	1.6	1.03	-1.66	0.03	-1.3	-0.5	-3.5	-3.5	0.89	0.48	3.71	-0.2	0.12	-0.78	-0.5	0.33	-0.78	-0.77	7	0.63	-4.4	-0.85	-0.42	0.06	-0.6	0.09	-0.2	0.09	-76	-0.48	-1.03	0.236	0.96	-1.65	-2.01	-3.42	-0.21	-3.54	-2.37	-2.27	-0.33	-0.96	-2.26	-0.41	-2.89	-1.32	-9.68	-0.99	7.23	2.27	-0.9	-30.5	-52.5	-29.1	-0.89	-0.48	0.77	4.4	-0.96	-7.23	-2.27
P	-0.12	-0.09	-0.07	11.37	11.19	6.64	2.46	11.51	14.1	10.62	-0.8	-0.49	-79	-79	-81	-82	-103	-132	0.71	-0.12	-3.12	-0.15	-0.69	-1.9	0.75	-0.2	-1.6	-0.2	4.46	-0.01	-0.06	-0.21	11.06	13.63	12.35	0.75	0.54	1.45	0.93	-1.47	0.29	-0.2	-1	-1.9	-1.6	-0.17	0.73	3.87	2.2	0.18	0.12	-0.3	0.54	0.12	-0.53	2.1	0.64	-4.4	-0.14	-0.45	1.95	0.72	2.77	1.4	2.7	-85	-1.14	0.86	0.711	0.75	1.98	-1.63	-2.93	-0.88	-2.65	-2.68	1.75	2.33	-0.75	-2.01	-1.09	-3.16	1.29	0	0.84	-1.75	-1.75	-0.9	-28.6	-35.3	-47	0.17	-0.73	0.53	4.4	-0.75	1.75	1.75
R	-0.24	-0.42	-1.76	11.72	11.49	6.81	2.45	11.28	13.24	11.05	-51.5	-0.59	-184	-144	-109	-95	-57	-41	-0.85	1.26	3.28	1.6	-1.58	-5.1	-1.87	-12.3	-4.5	-12.3	-0.38	-0.09	-0.52	-0.7	12.4	13.8	13.1	-1.87	-2.55	2.25	1.62	-2.56	0.12	-5.4	-0.7	-5.1	-5.4	0.69	1.91	4.18	-1.1	0.01	-2.53	-1.4	0.15	-2.53	0.58	4.2	0.64	-4.5	-1.81	-0.81	0.6	-1.01	0.85	-3	0.83	-79	0.2	-1.56	0	2.11	-2.78	-1.03	-4.16	-1.3	-5.16	-9.24	-3.89	-4.98	-2.11	-2.01	-4.31	-1.04	-2.42	-19.92	-1.5	12.1	3.89	-0.3	-83.4	-64.5	-74.4	-0.69	-1.91	-0.58	4.5	-2.11	-12.1	-3.89
