fold,pred,truth,GOF,LOF,dist,ind,gene
1,LOF,LOF,0.1984963395122804,0.8015036604877196,-0.5858295123387289,2,SCN2A
1,LOF,LOF,0.07371717790766129,0.9262828220923387,-1.1159939562581362,6,SCN5A
1,LOF,LOF,0.07142341919058352,0.9285765808094165,-1.131911280786452,13,SCN5A
1,GOF,GOF,0.874459891030672,0.125540108969328,0.9724517885334845,32,SCN11A
1,LOF,LOF,0.06433612692897367,0.9356638730710263,-1.1842671127928135,39,SCN5A
1,LOF,LOF,0.09857763971133636,0.9014223602886636,-0.9675706386735601,47,SCN1A
1,LOF,LOF,0.07356489814163505,0.926435101858365,-1.117036446100923,53,SCN5A
1,LOF,LOF,0.0922388012717264,0.9077611987282737,-1.0018825333730852,56,SCN5A
1,GOF,GOF,0.8162355384105796,0.1837644615894204,0.7623273597211742,59,SCN3A
1,GOF,LOF,0.4881663386621076,0.5118336613378924,0.04387892942262389,60,SCN4A
1,LOF,LOF,0.0734527038843537,0.9265472961156463,-1.117805786902619,67,SCN5A
1,LOF,LOF,0.05554157747408399,0.944458422525916,-1.2572821221105182,72,SCN1A
1,GOF,GOF,0.891215958078533,0.10878404192146696,1.048220395941279,74,SCN11A
1,GOF,LOF,0.7381436081537585,0.26185639184624154,0.549973898772876,78,SCN5A
1,GOF,GOF,0.9461877596504127,0.053812240349587315,1.40488638015553,82,SCN9A
1,LOF,LOF,0.07698539716241332,0.9230146028375867,-1.0940843064874997,86,SCN5A
1,LOF,LOF,0.05524690189920513,0.9447530981007949,-1.2599121394304833,87,SCN5A
1,GOF,GOF,0.6608590514120487,0.3391409485879513,0.37754468963601734,88,SCN5A
1,GOF,GOF,0.73019492125982,0.26980507874018,0.5309522752518481,92,SCN5A
1,GOF,GOF,0.8234316314096529,0.17656836859034708,0.7850821987142211,95,SCN8A
1,LOF,LOF,0.07629776922198904,0.923702230778011,-1.0986221563597907,99,SCN5A
1,LOF,LOF,0.11845899805561567,0.8815410019443843,-0.8713544223566825,101,SCN1A
1,LOF,LOF,0.10671241134334537,0.8932875886566546,-0.9263061652227416,105,SCN5A
1,GOF,LOF,0.6175573286781374,0.3824426713218626,0.28977822479638954,108,SCN10A
1,GOF,LOF,0.4753678590160843,0.5246321409839156,0.019937568587809207,114,SCN4A
1,LOF,LOF,0.20718195787338203,0.792818042126618,-0.5607403893726206,116,SCN5A
1,GOF,GOF,0.9326230853072857,0.06737691469271434,1.2931576161715403,122,SCN9A
1,GOF,GOF,0.9052252065428054,0.09477479345719464,1.1198873030596221,128,SCN11A
1,GOF,GOF,0.5189092901780812,0.4810907098219188,0.10132930914306018,138,SCN10A
1,LOF,LOF,0.054653746393389165,0.9453462536066108,-1.2652464261185652,142,SCN5A
1,LOF,LOF,0.10732432643678952,0.8926756735632104,-0.9233158286797318,150,SCN1A
1,GOF,LOF,0.8924055655882349,0.10759443441176508,1.0539785003019777,153,SCN8A
1,LOF,LOF,0.13308635515165523,0.8669136448483448,-0.8091653960636358,158,SCN1A
1,GOF,GOF,0.8086792729441775,0.19132072705582248,0.7391649514747827,162,SCN11A
1,LOF,LOF,0.2883266749129704,0.7116733250870295,-0.35596865470442424,171,SCN5A
1,LOF,LOF,0.09697977400508723,0.9030202259949127,-0.9760296643289357,174,SCN5A
1,GOF,GOF,0.62901028830489,0.37098971169510997,0.31255917056063726,180,SCN5A
1,GOF,LOF,0.6274969801011565,0.3725030198988435,0.30953312963618007,181,SCN2A
1,GOF,GOF,0.9162142349752587,0.08378576502474133,1.1830773054121273,183,SCN9A
1,LOF,LOF,0.28004215361818047,0.7199578463818195,-0.3749889872288216,185,SCN2A
1,GOF,GOF,0.959072524745157,0.04092747525484297,1.5390241157559204,187,SCN9A
1,LOF,GOF,0.44864607323111755,0.5513539267688825,-0.030282282339733152,188,SCN5A
1,GOF,GOF,0.7473606869806951,0.25263931301930487,0.5725039548302491,190,SCN5A
1,GOF,GOF,0.5022662153944071,0.4977337846055929,0.07022237364870659,194,SCN5A
1,GOF,GOF,0.9269128526926297,0.07308714730737031,1.2522978958539421,195,SCN3A
1,GOF,GOF,0.8073845869462029,0.19261541305379715,0.7352669950955644,203,SCN11A
1,LOF,LOF,0.07482006804379128,0.9251799319562087,-1.1085022975215892,206,SCN5A
1,LOF,LOF,0.11463445204818022,0.8853655479518198,-0.8887028229186418,222,SCN2A
1,LOF,LOF,0.07283218728587704,0.927167812714123,-1.1220804514982392,224,SCN5A
1,LOF,LOF,0.043008604342295205,0.9569913956577047,-1.382868574308156,229,SCN5A
1,GOF,GOF,0.666250665725627,0.33374933427437303,0.38882350250865444,233,SCN2A
1,GOF,GOF,0.6940856637411629,0.3059143362588371,0.44860790627104125,238,SCN5A
1,GOF,GOF,0.5912113578060861,0.40878864219391386,0.23830510455782133,241,SCN5A
1,GOF,GOF,0.7217623001035458,0.2782376998964542,0.5111548268393089,247,SCN4A
1,GOF,GOF,0.4972913120567607,0.5027086879432393,0.06092892287159912,253,SCN4A
1,GOF,GOF,0.8761624562711015,0.12383754372889855,0.9797371041900937,255,SCN8A
1,LOF,LOF,0.1265924769801709,0.873407523019829,-0.836013024820448,257,SCN1A
1,GOF,GOF,0.888010872715585,0.11198912728441501,1.0329771353220043,260,SCN4A
1,LOF,GOF,0.16339273848815258,0.8366072615118474,-0.6967352777367724,262,SCN1A
1,LOF,LOF,0.24652806296877902,0.753471937031221,-0.45576510119377706,267,SCN5A
1,LOF,GOF,0.08676266656042617,0.9132373334395738,-1.0332746177675756,272,SCN1A
1,GOF,GOF,0.5365666057817913,0.4634333942182087,0.13441939106206074,274,SCN1A
1,LOF,LOF,0.4376844588374382,0.5623155411625618,-0.05102806058539146,275,SCN4A
1,GOF,GOF,0.7053098027285293,0.2946901972714707,0.4735567735959854,280,SCN2A
1,GOF,LOF,0.6952941277560242,0.30470587224397583,0.4512688193447173,295,SCN4A
1,LOF,LOF,0.0961738250989013,0.9038261749010987,-0.9803436076854057,300,SCN1A
1,GOF,GOF,0.7771236034037852,0.22287639659621483,0.6492794372826891,309,SCN3A
1,GOF,LOF,0.5287851320341983,0.4712148679658017,0.11982055344302572,310,SCN1A
1,LOF,LOF,0.05108114671108844,0.9489188532889116,-1.2985791337298398,328,SCN5A
1,GOF,GOF,0.5290921375148392,0.4709078624851608,0.12039598286392433,338,SCN1A
1,LOF,GOF,0.20214216690822953,0.7978578330917705,-0.5752004438322638,342,SCN5A
1,GOF,GOF,0.7147583172871225,0.28524168271287753,0.49499037795387774,364,SCN2A
1,GOF,LOF,0.6483643466971991,0.3516356533028009,0.35173404380122514,367,SCN5A
1,LOF,LOF,0.088113928938393,0.911886071061607,-1.025365785881983,368,SCN5A
1,LOF,LOF,0.12491819592672714,0.8750818040732729,-0.8431252135292615,370,SCN1A
2,LOF,LOF,0.20113901170863951,0.7988609882913604,-0.5207533969973233,7,SCN2A
2,LOF,LOF,0.027076636797039495,0.9729233632029605,-1.459516374804208,12,SCN5A
2,GOF,GOF,0.8719147708983361,0.12808522910166387,0.8846296402905994,18,SCN8A
2,GOF,GOF,0.9207976990904545,0.0792023009095455,1.1127684289600268,19,SCN4A
2,LOF,GOF,0.33979848836491167,0.6602015116350883,-0.21599461660126706,23,SCN10A
2,GOF,GOF,0.9407412940536487,0.0592587059463513,1.2455499921728983,33,SCN9A
2,LOF,GOF,0.18816690524604682,0.8118330947539532,-0.5560350534036574,37,SCN5A
2,GOF,GOF,0.9093073446134665,0.09069265538653348,1.0496733103998497,43,SCN9A
2,LOF,LOF,0.09253291081361496,0.9074670891863851,-0.9060300259663985,55,SCN1A
2,LOF,LOF,0.04078733327262096,0.959212666727379,-1.2788375423481861,64,SCN5A
2,GOF,LOF,0.5496909264097946,0.45030907359020544,0.15210981332517698,65,SCN5A
2,LOF,LOF,0.07035456016795749,0.9296454398320425,-1.0331180319448598,69,SCN5A
2,GOF,GOF,0.7011519971302732,0.2988480028697268,0.43059929665335445,83,SCN4A
2,LOF,LOF,0.06967657207245066,0.9303234279275493,-1.0375562245022232,84,SCN1A
2,GOF,GOF,0.6952826878111255,0.30471731218887455,0.4187262105532409,89,SCN10A
2,LOF,LOF,0.05298574436333637,0.9470142556366636,-1.1618567871263121,90,SCN5A
2,GOF,GOF,0.75323385229546,0.24676614770453997,0.5427614552966032,96,SCN2A
2,LOF,LOF,0.028923799869616032,0.971076200130384,-1.4305774746065896,103,SCN5A
2,LOF,LOF,0.17312572297316509,0.8268742770268349,-0.5993702333403433,109,SCN1A
2,GOF,LOF,0.6322421808461088,0.36775781915389116,0.298064421853581,113,SCN4A
2,LOF,GOF,0.18756889128408502,0.812431108715915,-0.557705696075487,117,SCN3A
2,LOF,LOF,0.03940743048142338,0.9605925695185766,-1.2941201565811256,119,SCN5A
2,GOF,GOF,0.8103854127826583,0.1896145872173417,0.6862250921335231,120,SCN9A
2,LOF,LOF,0.07486579437936072,0.9251342056206393,-1.0045542028050558,121,SCN1A
2,GOF,GOF,0.9268753661423966,0.07312463385760337,1.1496033239792756,125,SCN9A
2,GOF,LOF,0.7703453880454728,0.2296546119545272,0.5829674818534337,135,SCN2A
2,LOF,LOF,0.14737622661655161,0.8526237733834484,-0.6810777866785973,141,SCN1A
2,LOF,LOF,0.1036578039844326,0.8963421960155674,-0.8523813589758168,144,SCN1A
2,LOF,LOF,0.13379698028440243,0.8662030197155975,-0.7290149761350604,146,SCN1A
2,LOF,LOF,0.22586780338080747,0.7741321966191925,-0.4579269461394354,147,SCN2A
2,LOF,LOF,0.07414931544150775,0.9258506845584923,-1.0089829871854143,149,SCN1A
2,LOF,LOF,0.08069625176324963,0.9193037482367503,-0.9698937773555754,154,SCN1A
2,LOF,LOF,0.04947836664129252,0.9505216333587074,-1.1926243428682033,155,SCN5A
2,LOF,LOF,0.0671854148311195,0.9328145851688805,-1.0542144665661,157,SCN1A
2,LOF,LOF,0.21399936188578608,0.786000638114214,-0.4874190561556242,164,SCN1A
2,LOF,LOF,0.06299343354992418,0.9370065664500759,-1.0835862614553027,176,SCN5A
2,GOF,GOF,0.9424397274675766,0.05756027253242335,1.2587138464434398,182,SCN9A
2,LOF,GOF,0.19826267013662513,0.8017373298633749,-0.5284246358522823,184,SCN11A
2,LOF,LOF,0.09969099540991558,0.9003090045900844,-0.8708952037032319,189,SCN2A
2,GOF,GOF,0.7639274068937545,0.2360725931062455,0.5676531830262289,198,SCN5A
2,GOF,GOF,0.8249853383275875,0.17501466167241253,0.7279875571976331,202,SCN8A
2,LOF,LOF,0.2661271770850551,0.7338728229149449,-0.36524965947786014,216,SCN4A
2,LOF,LOF,0.03808123773235759,0.9619187622676424,-1.309299448139469,217,SCN5A
2,LOF,LOF,0.06043191824332045,0.9395680817566796,-1.1024442973869284,226,SCN5A
2,GOF,GOF,0.9312732602642163,0.06872673973578369,1.1780591606948794,231,SCN9A
2,GOF,GOF,0.8673060293160058,0.13269397068399424,0.8673033599780833,244,SCN9A
2,GOF,GOF,0.5901842683975281,0.40981573160247187,0.22256901134803264,249,SCN5A
2,LOF,LOF,0.030524009411063386,0.9694759905889366,-1.4069221629769886,256,SCN5A
2,LOF,LOF,0.031426583184584966,0.968573416815415,-1.3941043665139763,259,SCN5A
2,GOF,GOF,0.9179008585407602,0.0820991414592398,1.096113991960139,261,SCN9A
2,GOF,GOF,0.8953561515546741,0.10464384844532593,0.9820943361862466,263,SCN2A
2,LOF,LOF,0.0717185390711431,0.9282814609288569,-1.024307730511347,268,SCN1A
2,GOF,GOF,0.6587106542783138,0.34128934572168623,0.3473825356900741,273,SCN5A
2,GOF,LOF,0.6645507572944074,0.3354492427055926,0.3585017268523165,278,SCN5A
2,GOF,GOF,0.8223103798196536,0.1776896201803464,0.7201378607141252,281,SCN3A
2,LOF,LOF,0.24907459224475959,0.7509254077552404,-0.40326679072234595,287,SCN4A
2,LOF,LOF,0.31037677829591576,0.6896232217040843,-0.2731811672224517,288,SCN4A
2,GOF,LOF,0.46614505161060943,0.5338549483893906,0.009299385086232972,298,SCN5A
2,LOF,LOF,0.34328128980171024,0.6567187101982898,-0.2093935846614387,301,SCN5A
2,LOF,GOF,0.43212961832850144,0.5678703816714985,-0.049325383104652884,302,SCN5A
2,GOF,GOF,0.5502706592788146,0.4497293407211854,0.15310820419678695,311,SCN5A
2,GOF,GOF,0.7079404899983794,0.29205951000162056,0.4445001032227932,317,SCN5A
2,LOF,LOF,0.09108780136304244,0.9089121986369576,-0.913417430389637,319,SCN1A
2,LOF,LOF,0.049655648582000125,0.9503443514179999,-1.1910203518505964,329,SCN5A
2,LOF,LOF,0.04043537358997315,0.9595646264100268,-1.2826879320471538,330,SCN5A
2,GOF,GOF,0.95523573169054,0.04476426830946001,1.371627689955148,337,SCN9A
2,GOF,GOF,0.6830840364910201,0.3169159635089799,0.39445083680466825,346,SCN5A
2,GOF,GOF,0.6558612736105016,0.3441387263894984,0.34199094021374543,354,SCN2A
2,GOF,GOF,0.8073167259398435,0.1926832740601565,0.6777650801534959,355,SCN4A
2,LOF,LOF,0.10801024324838182,0.8919897567516182,-0.8327750743519164,358,SCN5A
2,LOF,GOF,0.06747894340180857,0.9325210565981914,-1.052222176553812,360,SCN1A
2,GOF,GOF,0.7897051169787551,0.21029488302124488,0.6310838389863749,361,SCN2A
2,GOF,GOF,0.8302141671631525,0.16978583283684745,0.7436091456532449,362,SCN8A
2,GOF,GOF,0.5771466247233411,0.4228533752766589,0.1996986986640471,363,SCN2A
2,LOF,LOF,0.28265454521692585,0.7173454547830742,-0.3298594625036172,374,SCN5A
3,GOF,GOF,0.572487764749156,0.42751223525084403,0.20998615869061862,3,SCN5A
3,LOF,LOF,0.10724691661918334,0.8927530833808166,-0.8728067865921912,5,SCN1A
3,GOF,LOF,0.6216472710952311,0.3783527289047689,0.3018379958678469,9,SCN10A
3,LOF,LOF,0.12388734490028704,0.8761126550997129,-0.7995838893787892,10,SCN5A
3,GOF,GOF,0.9481147219610484,0.0518852780389516,1.3836024764502584,20,SCN9A
3,LOF,LOF,0.07792760783034235,0.9220723921696576,-1.0307303085580384,24,SCN5A
3,LOF,LOF,0.11578635160933455,0.8842136483906654,-0.8340859998462792,27,SCN1A
3,LOF,LOF,0.10756208888755443,0.8924379111124455,-0.8713304477836306,29,SCN4A
3,GOF,GOF,0.8881700597771218,0.11182994022287818,1.009411200884885,45,SCN9A
3,GOF,LOF,0.9182429947048365,0.0817570052951635,1.1650262456426368,46,SCN3A
3,LOF,LOF,0.06672040844070758,0.9332795915592924,-1.1058825527602547,48,SCN1A
3,LOF,LOF,0.2836752452353987,0.7163247547646012,-0.3371223445785365,51,SCN8A
3,LOF,LOF,0.04455506092372471,0.9554449390762753,-1.2977514490674904,52,SCN5A
3,LOF,LOF,0.09008264065487234,0.9099173593451276,-0.9596795893346863,62,SCN5A
3,LOF,LOF,0.09685381117970579,0.9031461888202942,-0.9237787888091411,63,SCN5A
3,GOF,LOF,0.650325039355908,0.349674960644092,0.35748790778023576,76,SCN10A
3,GOF,GOF,0.8360494819557374,0.16395051804426264,0.8104454898627639,77,SCN4A
3,GOF,GOF,0.7009337657112912,0.2990662342887088,0.4613490632654256,81,SCN2A
3,LOF,LOF,0.05846493102656392,0.9415350689734361,-1.1691524005151837,97,SCN5A
3,LOF,LOF,0.09335126656764219,0.9066487334323579,-0.9420577543646225,100,SCN5A
3,LOF,LOF,0.13197351764635967,0.8680264823536403,-0.7670257552123214,111,SCN1A
3,LOF,LOF,0.05988593018466499,0.940114069815335,-1.1576899275472678,115,SCN5A
3,LOF,GOF,0.1517256361374472,0.8482743638625528,-0.6940559129910191,118,SCN1A
3,GOF,GOF,0.8568464618460212,0.1431535381539788,0.8823946729292738,124,SCN9A
3,GOF,GOF,0.9126249072451939,0.08737509275480615,1.132425555734355,131,SCN9A
3,GOF,LOF,0.8178201982861981,0.18217980171380188,0.753200284598931,133,SCN5A
3,LOF,LOF,0.1515448741361624,0.8484551258638375,-0.6946869274731495,134,SCN1A
3,LOF,GOF,0.19019360394563373,0.8098063960543662,-0.5717390599325829,137,SCN2A
3,GOF,LOF,0.9336077115166008,0.06639228848339918,1.265961614655304,139,SCN9A
3,LOF,LOF,0.07114190982650759,0.9288580901734924,-1.0749350156123336,140,SCN5A
3,LOF,LOF,0.05803488995504996,0.94196511004495,-1.1726728312307397,148,SCN5A
3,LOF,LOF,0.0701684790507035,0.9298315209492964,-1.0815924275226387,151,SCN5A
3,GOF,GOF,0.7006983966853813,0.29930160331461875,0.46084495715423024,159,SCN4A
3,LOF,LOF,0.06607137977420188,0.9339286202257981,-1.1105845034796114,165,SCN5A
3,GOF,GOF,0.6970972102526483,0.30290278974735174,0.45316008133391317,168,SCN10A
3,GOF,GOF,0.9536206900689244,0.04637930993107564,1.43658032580938,169,SCN9A
3,LOF,LOF,0.16289262212881492,0.837107377871185,-0.6562130948306152,173,SCN5A
3,LOF,LOF,0.07702084910173859,0.9229791508982614,-1.036427692594787,175,SCN1A
3,LOF,GOF,0.2577587170161783,0.7422412829838216,-0.3961064082966055,193,SCN5A
3,GOF,GOF,0.7162081568176485,0.2837918431823515,0.4945720017569093,197,SCN4A
3,GOF,GOF,0.8995393229805012,0.10046067701949879,1.063269393009382,200,SCN8A
3,LOF,LOF,0.06741621165724684,0.9325837883427531,-1.100888676244946,209,SCN1A
3,GOF,GOF,0.7227093795764161,0.2772906204235839,0.5090371267709873,210,SCN10A
3,LOF,LOF,0.053085776034203384,0.9469142239657966,-1.215054185824522,214,SCN5A
3,LOF,LOF,0.0867983035101951,0.9132016964898049,-0.9779762625360866,220,SCN5A
3,LOF,LOF,0.060856747805279554,0.9391432521947205,-1.1500043886743394,223,SCN5A
3,LOF,LOF,0.07704595405386803,0.922954045946132,-1.0362691268828605,228,SCN5A
3,GOF,GOF,0.838864816446503,0.16113518355349699,0.819733520388788,232,SCN4A
3,GOF,GOF,0.958298880294777,0.041701119705223055,1.4865256321531033,239,SCN9A
3,GOF,GOF,0.8205907917673024,0.17940920823269757,0.76160100833784,245,SCN8A
3,GOF,GOF,0.7778659574135532,0.22213404258644676,0.6416622200796012,246,SCN4A
3,GOF,GOF,0.7640019715830357,0.23599802841696427,0.6063983398432331,252,SCN4A
3,LOF,LOF,0.14756588278315036,0.8524341172168497,-0.7087364565616633,266,SCN1A
3,GOF,LOF,0.7477026246227165,0.2522973753772835,0.5667229083116337,292,SCN4A
3,LOF,LOF,0.10702089972214979,0.8929791002778502,-0.8738678533647833,299,SCN1A
3,GOF,LOF,0.8657554950226205,0.1342445049773795,0.9158947946981139,303,SCN8A
3,GOF,GOF,0.8765441004808552,0.12345589951914482,0.9590789302944323,306,SCN9A
3,GOF,LOF,0.6772779236092369,0.3227220763907631,0.4117455300475866,312,SCN2A
3,GOF,GOF,0.7973453948160487,0.2026546051839513,0.6939842161911894,313,SCN5A
3,LOF,LOF,0.11136299838194343,0.8886370016180566,-0.8538189344314205,316,SCN5A
3,LOF,LOF,0.11403813892006706,0.8859618610799329,-0.8418050523764793,321,SCN1A
3,GOF,LOF,0.9471368362435221,0.05286316375647793,1.374754161763361,322,SCN10A
3,LOF,LOF,0.04322273500256617,0.9567772649974339,-1.3120106199929575,323,SCN5A
3,LOF,LOF,0.14071283539789595,0.8592871646021041,-0.7336871950532146,324,SCN1A
3,LOF,GOF,0.24703718428058077,0.7529628157194193,-0.42162555920076183,326,SCN10A
3,LOF,LOF,0.04107361717770806,0.9589263828222919,-1.3359210954947562,332,SCN5A
3,LOF,LOF,0.047932334162545893,0.9520676658374541,-1.263350105721444,334,SCN5A
3,GOF,GOF,0.9208341447239219,0.07916585527607811,1.1807546382024994,336,SCN10A
3,LOF,GOF,0.42324028753551435,0.5767597124644857,-0.06012736337863858,339,SCN5A
3,GOF,GOF,0.8929256152201867,0.10707438477981335,1.0313238840516004,344,SCN8A
3,LOF,GOF,0.45156864500826166,0.5484313549917383,-0.008416423433825787,351,SCN5A
3,LOF,GOF,0.05871933347117442,0.9412806665288256,-1.1670812114868196,353,SCN5A
3,LOF,LOF,0.09868885946465022,0.9013111405353498,-0.914436661382547,369,SCN1A
3,LOF,LOF,0.10506146416382925,0.8949385358361708,-0.8831503525293165,373,SCN5A
3,GOF,GOF,0.6412505656212579,0.35874943437874207,0.33967228903491575,375,SCN5A
4,GOF,GOF,0.9230994750365764,0.07690052496342364,-1.0527212672449737,1,SCN9A
4,LOF,LOF,0.051420197853716765,0.9485798021462832,1.1369328049413978,4,SCN5A
4,GOF,LOF,0.7348902707467138,0.26510972925328624,-0.45843142581783847,11,SCN4A
4,LOF,LOF,0.03285338034728047,0.9671466196527195,1.326437964865008,14,SCN5A
4,LOF,LOF,0.04159540624601332,0.9584045937539867,1.227089322103344,21,SCN1A
4,LOF,LOF,0.06229282989099383,0.9377071701090062,1.05448118135641,25,SCN5A
4,LOF,LOF,0.06492412773676737,0.9350758722632326,1.0365658643315887,26,SCN1A
4,GOF,GOF,0.7093132163851544,0.29068678361484557,-0.4067220286979521,30,SCN2A
4,GOF,LOF,0.8944289216656418,0.10557107833435814,-0.9114427406038703,34,SCN8A
4,GOF,LOF,0.8956591333748685,0.10434086662513149,-0.9167528284559865,38,SCN4A
4,GOF,GOF,0.5986536974599914,0.4013463025400086,-0.20714815473273762,42,SCN2A
4,LOF,GOF,0.37609375904896947,0.6239062409510305,0.16022453233924264,50,SCN1A
4,LOF,LOF,0.039727138765872416,0.9602728612341276,1.2465128619273822,68,SCN5A
4,GOF,LOF,0.4813605261661408,0.5186394738338592,-0.014767936784957525,71,SCN5A
4,LOF,LOF,0.07331023923652114,0.9266897607634789,0.9836549200859173,73,SCN5A
4,LOF,LOF,0.04760708377607892,0.9523929162239211,1.1698014780523855,75,SCN5A
4,GOF,GOF,0.7288315051789662,0.27116849482103383,-0.4459121680681508,85,SCN5A
4,LOF,LOF,0.029781936634346362,0.9702180633656536,1.3675225033219724,93,SCN5A
4,LOF,LOF,0.06229924293027411,0.9377007570697259,1.0544366663252858,98,SCN5A
4,LOF,LOF,0.07556295082768794,0.9244370491723121,0.9703958652577975,104,SCN5A
4,LOF,LOF,0.46604775979814816,0.5339522402018518,0.010138975441764148,106,SCN8A
4,LOF,LOF,0.2743840402586951,0.7256159597413049,0.34931202299689756,110,SCN5A
4,GOF,LOF,0.8688041124090875,0.13119588759091255,-0.8115427860333617,112,SCN4A
4,GOF,GOF,0.8747647547728242,0.12523524522717575,-0.8331690037626394,126,SCN3A
4,GOF,GOF,0.9436716433916755,0.05632835660832448,-1.1878902623230916,127,SCN9A
4,LOF,LOF,0.061316133540416984,0.938683866459583,1.0613112280486354,143,SCN5A
4,LOF,LOF,0.0674100847297221,0.9325899152702779,1.0202504171797409,145,SCN2A
4,GOF,GOF,0.7294219303727947,0.2705780696272054,-0.4471243415476803,161,SCN5A
4,LOF,LOF,0.09974876444601344,0.9002512355539866,0.8470491276597878,166,SCN5A
4,GOF,GOF,0.6807603559714582,0.31923964402854177,-0.35207045364980927,170,SCN5A
4,GOF,GOF,0.8791910357771027,0.12080896422289732,-0.8498060926407232,177,SCN9A
4,GOF,LOF,0.7748364515955413,0.22516354840445874,-0.5461153929983937,178,SCN5A
4,LOF,LOF,0.4661097762869152,0.5338902237130848,0.010037924675307813,186,SCN5A
4,GOF,GOF,0.8811531764680489,0.11884682353195103,-0.8573497530264853,191,SCN9A
4,GOF,GOF,0.6630485027004367,0.33695149729956325,-0.3194864666062328,199,SCN2A
4,GOF,LOF,0.5051846015167785,0.4948153984832215,-0.0534229551406723,205,SCN5A
4,LOF,LOF,0.03149192673034984,0.9685080732696502,1.3441696399826486,213,SCN5A
4,LOF,LOF,0.13943423222846474,0.8605657677715353,0.6929578997509753,215,SCN2A
4,LOF,LOF,0.0525837925846131,0.9474162074153869,1.1273617359725594,218,SCN5A
4,LOF,LOF,0.05409328382011003,0.94590671617989,1.115239264127559,219,SCN5A
4,LOF,LOF,0.040923861462613176,0.9590761385373868,1.2339730982379356,221,SCN1A
4,LOF,LOF,0.032709811640220465,0.9672901883597795,1.3282739736872822,225,SCN5A
4,LOF,LOF,0.052214909583169766,0.9477850904168302,1.130374104024135,227,SCN5A
4,LOF,LOF,0.05744542558728116,0.9425545744127188,1.089420161016683,230,SCN5A
4,GOF,GOF,0.9075370472963673,0.09246295270363274,-0.971099061035408,234,SCN4A
4,GOF,GOF,0.836266159250063,0.16373384074993702,-0.7062310699956091,240,SCN5A
4,GOF,LOF,0.6812899988513973,0.3187100011486027,-0.35305908092724425,248,SCN1A
4,LOF,GOF,0.29886973806018413,0.7011302619398159,0.3007330237095627,251,SCN1A
4,GOF,GOF,0.6516330982574166,0.3483669017425834,-0.29893525588659114,254,SCN3A
4,LOF,LOF,0.38678471052378516,0.6132152894762148,0.14185071959270748,264,SCN10A
4,GOF,GOF,0.7031373421393314,0.2968626578606685,-0.39465162429609146,269,SCN2A
4,GOF,GOF,0.8345758654377162,0.16542413456228378,-0.7012461914360665,270,SCN2A
4,LOF,LOF,0.09306981933683522,0.9069301806631648,0.8781479107572661,271,SCN5A
4,LOF,LOF,0.043469931255866956,0.956530068744133,1.20842204747437,277,SCN1A
4,GOF,GOF,0.9641137864603063,0.035886213539693707,-1.3793884919692425,282,SCN8A
4,GOF,GOF,0.8673447516877513,0.1326552483122487,-0.806375654442054,283,SCN3A
4,GOF,GOF,0.9499229344924868,0.05007706550751327,-1.238266042693777,285,SCN9A
4,GOF,LOF,0.7448666112354807,0.25513338876451935,-0.4794520010156935,289,SCN8A
4,GOF,LOF,0.8240790934219264,0.1759209065780736,-0.6711681450773531,291,SCN5A
4,LOF,LOF,0.311986600679941,0.688013399320059,0.2756590608941317,294,SCN5A
4,GOF,GOF,0.7922432738276244,0.2077567261723756,-0.5877483059938026,297,SCN9A
4,GOF,GOF,0.9239830243370867,0.07601697566291335,-1.0577949196263698,304,SCN9A
4,GOF,GOF,0.9382752681422988,0.06172473185770127,-1.1484689270978305,305,SCN9A
4,GOF,GOF,0.5998085812039824,0.4001914187960176,-0.20909808511879938,307,SCN4A
4,LOF,LOF,0.19552896531124164,0.8044710346887584,0.5285276032229083,318,SCN3A
4,GOF,LOF,0.8575119987429893,0.14248800125701067,-0.7727591648788029,327,SCN5A
4,LOF,LOF,0.2039219615461516,0.7960780384538484,0.5072331991069798,331,SCN1A
4,LOF,LOF,0.13447779608230515,0.8655222039176949,0.7099624638318627,335,SCN1A
4,LOF,GOF,0.24479398308740263,0.7552060169125974,0.4117888983928194,340,SCN5A
4,GOF,GOF,0.7426207729369944,0.25737922706300564,-0.4746739396420201,343,SCN3A
4,GOF,GOF,0.8525219286303645,0.14747807136963548,-0.7564353930899017,348,SCN3A
4,GOF,GOF,0.4740032147946931,0.5259967852053069,-0.0028109392369927433,350,SCN5A
4,LOF,LOF,0.12138821372903164,0.8786117862709684,0.7575720188905406,356,SCN1A
4,GOF,GOF,0.8085232198299243,0.19147678017007574,-0.6290837624906553,365,SCN8A
4,LOF,LOF,0.10842988393743491,0.8915701160625651,0.8092832272486612,371,SCN1A
5,LOF,LOF,0.054996349866467314,0.9450036501335327,-1.0378680520768033,8,SCN5A
5,GOF,GOF,0.8522530933912792,0.1477469066087208,0.7609035380355206,15,SCN5A
5,LOF,LOF,0.03848035465734725,0.9615196453426528,-1.1844078017814774,16,SCN5A
5,LOF,LOF,0.06401856132803306,0.9359814386719669,-0.9746649951888453,17,SCN5A
5,LOF,LOF,0.03919071702161105,0.960809282978389,-1.1769599371318487,22,SCN5A
5,LOF,LOF,0.07201557127637442,0.9279844287236256,-0.9252411942852037,28,SCN5A
5,GOF,GOF,0.9199896860906622,0.08001031390933777,1.0308673517165652,31,SCN9A
5,LOF,LOF,0.043106718133611235,0.9568932818663888,-1.138089710407088,35,SCN5A
5,LOF,LOF,0.2300847663094958,0.7699152336905042,-0.39758174460709,36,SCN5A
5,LOF,LOF,0.1285206968457129,0.8714793031542871,-0.6739815086806471,40,SCN1A
5,GOF,GOF,0.9519142127704001,0.048085787229599886,1.2434814229225073,41,SCN9A
5,GOF,GOF,0.7243257085800165,0.27567429141998345,0.45315955940785263,44,SCN10A
5,GOF,GOF,0.8527839885241085,0.14721601147589147,0.7625560137537666,49,SCN2A
5,LOF,LOF,0.051093500974327966,0.948906499025672,-1.0682882046965787,54,SCN5A
5,LOF,LOF,0.034630859459670836,0.9653691405403292,-1.2272209811702222,57,SCN5A
5,LOF,LOF,0.07034503748377655,0.9296549625162235,-0.9351301340677749,58,SCN5A
5,LOF,LOF,0.06695523187364891,0.9330447681263511,-0.9558826130241217,61,SCN5A
5,LOF,LOF,0.1732684916886217,0.8267315083113783,-0.5364352709136108,66,SCN2A
5,GOF,GOF,0.752290062765313,0.24770993723468704,0.5098438826070225,70,SCN8A
5,GOF,GOF,0.9086067056481838,0.0913932943518162,0.973938720451646,79,SCN9A
5,GOF,GOF,0.570737194704946,0.429262805295054,0.18658583204583484,80,SCN5A
5,GOF,GOF,0.9335490617044979,0.06645093829550208,1.1092639778909728,91,SCN9A
5,GOF,GOF,0.9479595369658236,0.05204046303417642,1.210921745738335,94,SCN9A
5,LOF,LOF,0.10428729581378392,0.8957127041862161,-0.7664845253430548,102,SCN1A
5,GOF,GOF,0.8198852346119825,0.18011476538801752,0.6682264978301007,107,SCN9A
5,GOF,GOF,0.952630711638486,0.047369288361513995,1.2496510685602529,123,SCN9A
5,GOF,LOF,0.7661063031667437,0.23389369683325634,0.5394264276263345,129,SCN5A
5,GOF,GOF,0.7255661051166971,0.27443389488330294,0.45559403033653206,130,SCN4A
5,GOF,GOF,0.8929251610148,0.10707483898519998,0.9051526080708797,132,SCN9A
5,GOF,LOF,0.7343971423694564,0.2656028576305436,0.4731289330125002,136,SCN1A
5,LOF,LOF,0.3102386450935319,0.6897613549064681,-0.2375859153415268,152,SCN10A
5,LOF,LOF,0.04432449567364397,0.9556755043263561,-1.1266888286669432,156,SCN5A
5,GOF,LOF,0.6799287310178437,0.3200712689821563,0.36996727185722283,160,SCN1A
5,GOF,GOF,0.8476550069392291,0.15234499306077087,0.7467926724090058,163,SCN2A
5,LOF,GOF,0.36329608923651463,0.6367039107634853,-0.1444765823328929,167,SCN5A
5,LOF,LOF,0.055303230517517905,0.944696769482482,-1.035563264327676,172,SCN5A
5,GOF,GOF,0.7870445041218171,0.21295549587818285,0.5866811171333036,179,SCN5A
5,GOF,GOF,0.8673795568101759,0.13262044318982413,0.8100583276728722,192,SCN4A
5,GOF,GOF,0.7644212234835001,0.23557877651649994,0.5357553140282147,196,SCN5A
5,GOF,GOF,0.8711394373474803,0.12886056265251966,0.8230064787945172,201,SCN2A
5,LOF,LOF,0.048872634241908894,0.9511273657580911,-1.0865946216149371,204,SCN1A
5,LOF,LOF,0.037117228894446935,0.9628827711055531,-1.1990769402086006,207,SCN5A
5,LOF,LOF,0.058333534397319774,0.9416664656026802,-1.0134289367216052,208,SCN5A
5,LOF,LOF,0.3216652394161676,0.6783347605838324,-0.21689346408742027,211,SCN8A
5,LOF,LOF,0.0684481726686893,0.9315518273313107,-0.9466255819902915,212,SCN5A
5,GOF,GOF,0.8466789607970971,0.15332103920290285,0.7438424646519005,235,SCN4A
5,GOF,GOF,0.7852230430721121,0.2147769569278879,0.5824412667424309,236,SCN5A
5,GOF,GOF,0.758894820887921,0.24110517911207896,0.5238411264145144,237,SCN4A
5,LOF,GOF,0.32880961863447705,0.6711903813655229,-0.2041527638375112,242,SCN1A
5,GOF,GOF,0.47394505305980195,0.526054946940198,0.03428201500488888,243,SCN1A
5,GOF,GOF,0.71581808834771,0.28418191165229,0.4366407621934881,250,SCN1A
5,GOF,LOF,0.6237227010895786,0.3762772989104214,0.2728867013604177,258,SCN5A
5,GOF,LOF,0.5015074376408137,0.49849256235918626,0.07746534201094003,265,SCN5A
5,GOF,LOF,0.828231850593789,0.171768149406211,0.6907595058178658,276,SCN2A
5,GOF,GOF,0.844998562594941,0.155001437405059,0.7387991008931483,279,SCN9A
5,LOF,GOF,0.40000908918548544,0.5999909108145145,-0.08355904717058431,284,SCN5A
5,GOF,GOF,0.7761305593433326,0.22386944065666736,0.561656577668844,286,SCN5A
5,GOF,GOF,0.48383328960958516,0.5161667103904148,0.04978928019129046,290,SCN8A
5,LOF,GOF,0.12189598041433986,0.8781040195856602,-0.6976562652372893,293,SCN5A
5,GOF,LOF,0.5979637621580768,0.4020362378419232,0.23046747224220437,296,SCN10A
5,LOF,GOF,0.3617820884622195,0.6382179115377805,-0.1470403896042261,308,SCN1A
5,LOF,LOF,0.041018186250745756,0.9589818137492543,-1.158378775185728,314,SCN5A
5,LOF,LOF,0.06841027846384706,0.9315897215361529,-0.9468582209932682,315,SCN1A
5,GOF,LOF,0.6616032664223739,0.3383967335776261,0.3374861811483523,320,SCN5A
5,LOF,LOF,0.18466395446364067,0.8153360455363593,-0.5060761742374081,325,SCN5A
5,LOF,LOF,0.0450245747145784,0.9549754252854216,-1.1202691783883676,333,SCN5A
5,GOF,LOF,0.9173567930525223,0.08264320694747773,1.017074922878855,341,SCN8A
5,GOF,GOF,0.7463217663473612,0.25367823365263875,0.4974093266255227,345,SCN5A
5,GOF,LOF,0.8520620194324717,0.14793798056752827,0.7603099984058662,347,SCN2A
5,GOF,GOF,0.9451971342005523,0.05480286579944771,1.1895385865875712,349,SCN8A
5,GOF,LOF,0.6281791149602074,0.3718208850397926,0.28033552582262217,352,SCN5A
5,GOF,LOF,0.7445482718022132,0.25545172819778683,0.49375177919423147,357,SCN5A
5,LOF,LOF,0.08787481249924976,0.9121251875007502,-0.8406041311365946,359,SCN5A
5,GOF,GOF,0.8788565261539801,0.12114347384601987,0.8506261000205533,366,SCN8A
5,GOF,GOF,0.5762629462688199,0.4237370537311801,0.1954270283278679,372,SCN10A
